Data_Source,Dataset,Method,Accuracy,Balanced_Accuracy,AUROC,NLL,F1,Total Runtime,Hydra_Transform_Runtime,MultiROCKET_Transform_Runtime,Fit_Runtime,Predict_Runtime
multiverse_results,AppliancesEnergy_disc,1NN-DTW,0.6428571428571429,,,,,,,,,
multiverse_results,AppliancesEnergy_disc,Arsenal,0.8571428571428571,,,,,,,,,
multiverse_results,AppliancesEnergy_disc,CIF-500,0.9047619047619048,,,,,,,,,
multiverse_results,AppliancesEnergy_disc,Catch22,0.8809523809523809,,,,,,,,,
multiverse_results,AppliancesEnergy_disc,DrCIF-500,0.9047619047619048,,,,,,,,,
multiverse_results,AppliancesEnergy_disc,Dummy,0.8095238095238095,,,,,,,,,
multiverse_results,AppliancesEnergy_disc,FreshPRINCE,0.9523809523809524,,,,,,,,,
multiverse_results,AppliancesEnergy_disc,HC2,0.8809523809523809,,,,,,,,,
multiverse_results,AppliancesEnergy_disc,MRHydra,0.8333333333333334,,,,,,,,,
multiverse_results,AppliancesEnergy_disc,QUANT,0.9285714285714286,,,,,,,,,
multiverse_results,AppliancesEnergy_disc,RDST,0.7857142857142857,,,,,,,,,
multiverse_results,AppliancesEnergy_disc,RIST,0.9047619047619048,,,,,,,,,
multiverse_results,AppliancesEnergy_disc,ROCKET,0.7857142857142857,,,,,,,,,
multiverse_results,AppliancesEnergy_disc,STC,0.8571428571428571,,,,,,,,,
multiverse_results,AppliancesEnergy_disc,TDE,0.8095238095238095,,,,,,,,,
multiverse_results,AppliancesEnergy_disc,h-inceptiontime,0.5238095238095238,,,,,,,,,
multiverse_results,AppliancesEnergy_disc,litetime-mv,0.7380952380952381,,,,,,,,,
multiverse_results,ArticularyWordRecognition,1NN-DTW,0.9866666666666668,,,,,,,,,
multiverse_results,ArticularyWordRecognition,Arsenal,0.9933333333333332,,,,,,,,,
multiverse_results,ArticularyWordRecognition,CIF-500,0.98,,,,,,,,,
multiverse_results,ArticularyWordRecognition,Catch22,0.9833333333333332,,,,,,,,,
multiverse_results,ArticularyWordRecognition,DrCIF-500,0.9866666666666668,,,,,,,,,
multiverse_results,ArticularyWordRecognition,Dummy,0.04,,,,,,,,,
multiverse_results,ArticularyWordRecognition,FreshPRINCE,0.9766666666666668,,,,,,,,,
multiverse_results,ArticularyWordRecognition,HC2,0.9933333333333332,,,,,,,,,
multiverse_results,ArticularyWordRecognition,MRHydra,0.9933333333333332,,,,,,,,,
multiverse_results,ArticularyWordRecognition,QUANT,0.9833333333333332,,,,,,,,,
multiverse_results,ArticularyWordRecognition,RDST,0.9933333333333332,,,,,,,,,
multiverse_results,ArticularyWordRecognition,RIST,0.9866666666666668,,,,,,,,,
multiverse_results,ArticularyWordRecognition,ROCKET,0.9933333333333332,,,,,,,,,
multiverse_results,ArticularyWordRecognition,STC,0.9733333333333334,,,,,,,,,
multiverse_results,ArticularyWordRecognition,TDE,0.9933333333333332,,,,,,,,,
multiverse_results,ArticularyWordRecognition,h-inceptiontime,0.99,,,,,,,,,
multiverse_results,ArticularyWordRecognition,litetime-mv,0.9833333333333332,,,,,,,,,
multiverse_results,AsphaltObstaclesCoordinates_eq,1NN-DTW,0.578005115089514,,,,,,,,,
multiverse_results,AsphaltObstaclesCoordinates_eq,Arsenal,0.8542199488491049,,,,,,,,,
multiverse_results,AsphaltObstaclesCoordinates_eq,CIF-500,0.8235294117647058,,,,,,,,,
multiverse_results,AsphaltObstaclesCoordinates_eq,Catch22,0.8081841432225064,,,,,,,,,
multiverse_results,AsphaltObstaclesCoordinates_eq,DrCIF-500,0.8209718670076727,,,,,,,,,
multiverse_results,AsphaltObstaclesCoordinates_eq,Dummy,0.2838874680306905,,,,,,,,,
multiverse_results,AsphaltObstaclesCoordinates_eq,FreshPRINCE,0.8388746803069054,,,,,,,,,
multiverse_results,AsphaltObstaclesCoordinates_eq,HC2,0.8567774936061381,,,,,,,,,
multiverse_results,AsphaltObstaclesCoordinates_eq,MRHydra,0.8593350383631714,,,,,,,,,
multiverse_results,AsphaltObstaclesCoordinates_eq,QUANT,0.8184143222506394,,,,,,,,,
multiverse_results,AsphaltObstaclesCoordinates_eq,RDST,0.8670076726342711,,,,,,,,,
multiverse_results,AsphaltObstaclesCoordinates_eq,RIST,0.8209718670076727,,,,,,,,,
multiverse_results,AsphaltObstaclesCoordinates_eq,ROCKET,0.8542199488491049,,,,,,,,,
multiverse_results,AsphaltObstaclesCoordinates_eq,STC,0.8209718670076727,,,,,,,,,
multiverse_results,AsphaltObstaclesCoordinates_eq,TDE,0.8184143222506394,,,,,,,,,
multiverse_results,AsphaltObstaclesCoordinates_eq,h-inceptiontime,0.8542199488491049,,,,,,,,,
multiverse_results,AsphaltObstaclesCoordinates_eq,litetime-mv,0.8465473145780051,,,,,,,,,
multiverse_results,AsphaltPavementTypeCoordinates_eq,1NN-DTW,0.5833333333333334,,,,,,,,,
multiverse_results,AsphaltPavementTypeCoordinates_eq,Arsenal,0.8598484848484849,,,,,,,,,
multiverse_results,AsphaltPavementTypeCoordinates_eq,CIF-500,0.9166666666666666,,,,,,,,,
multiverse_results,AsphaltPavementTypeCoordinates_eq,Catch22,0.9232954545454546,,,,,,,,,
multiverse_results,AsphaltPavementTypeCoordinates_eq,DrCIF-500,0.9337121212121212,,,,,,,,,
multiverse_results,AsphaltPavementTypeCoordinates_eq,Dummy,0.3863636363636363,,,,,,,,,
multiverse_results,AsphaltPavementTypeCoordinates_eq,FreshPRINCE,0.9422348484848484,,,,,,,,,
multiverse_results,AsphaltPavementTypeCoordinates_eq,HC2,0.8892045454545454,,,,,,,,,
multiverse_results,AsphaltPavementTypeCoordinates_eq,MRHydra,0.9119318181818182,,,,,,,,,
multiverse_results,AsphaltPavementTypeCoordinates_eq,QUANT,0.9327651515151516,,,,,,,,,
multiverse_results,AsphaltPavementTypeCoordinates_eq,RDST,0.8958333333333334,,,,,,,,,
multiverse_results,AsphaltPavementTypeCoordinates_eq,RIST,0.9365530303030304,,,,,,,,,
multiverse_results,AsphaltPavementTypeCoordinates_eq,ROCKET,0.8636363636363636,,,,,,,,,
multiverse_results,AsphaltPavementTypeCoordinates_eq,STC,0.8551136363636364,,,,,,,,,
multiverse_results,AsphaltPavementTypeCoordinates_eq,TDE,0.8390151515151515,,,,,,,,,
multiverse_results,AsphaltPavementTypeCoordinates_eq,h-inceptiontime,0.9630681818181818,,,,,,,,,
multiverse_results,AsphaltPavementTypeCoordinates_eq,litetime-mv,0.9640151515151516,,,,,,,,,
multiverse_results,AsphaltRegularityCoordinates_eq,1NN-DTW,0.7030625832223701,,,,,,,,,
multiverse_results,AsphaltRegularityCoordinates_eq,Arsenal,0.9360852197070572,,,,,,,,,
multiverse_results,AsphaltRegularityCoordinates_eq,CIF-500,0.977363515312916,,,,,,,,,
multiverse_results,AsphaltRegularityCoordinates_eq,Catch22,0.9760319573901464,,,,,,,,,
multiverse_results,AsphaltRegularityCoordinates_eq,DrCIF-500,0.9866844207723036,,,,,,,,,
multiverse_results,AsphaltRegularityCoordinates_eq,Dummy,0.507323568575233,,,,,,,,,
multiverse_results,AsphaltRegularityCoordinates_eq,FreshPRINCE,0.9906790945406124,,,,,,,,,
multiverse_results,AsphaltRegularityCoordinates_eq,HC2,0.970705725699068,,,,,,,,,
multiverse_results,AsphaltRegularityCoordinates_eq,MRHydra,0.9880159786950732,,,,,,,,,
multiverse_results,AsphaltRegularityCoordinates_eq,QUANT,0.9880159786950732,,,,,,,,,
multiverse_results,AsphaltRegularityCoordinates_eq,RDST,0.9826897470039948,,,,,,,,,
multiverse_results,AsphaltRegularityCoordinates_eq,RIST,0.9866844207723036,,,,,,,,,
multiverse_results,AsphaltRegularityCoordinates_eq,ROCKET,0.9387483355525964,,,,,,,,,
multiverse_results,AsphaltRegularityCoordinates_eq,STC,0.9507323568575232,,,,,,,,,
multiverse_results,AsphaltRegularityCoordinates_eq,TDE,0.9467376830892144,,,,,,,,,
multiverse_results,AsphaltRegularityCoordinates_eq,h-inceptiontime,0.9946737683089214,,,,,,,,,
multiverse_results,AsphaltRegularityCoordinates_eq,litetime-mv,0.9946737683089214,,,,,,,,,
multiverse_results,AtrialFibrillation,1NN-DTW,0.2,,,,,,,,,
multiverse_results,AtrialFibrillation,Arsenal,0.0666666666666666,,,,,,,,,
multiverse_results,AtrialFibrillation,CIF-500,0.4666666666666667,,,,,,,,,
multiverse_results,AtrialFibrillation,Catch22,0.1333333333333333,,,,,,,,,
multiverse_results,AtrialFibrillation,DrCIF-500,0.0666666666666666,,,,,,,,,
multiverse_results,AtrialFibrillation,Dummy,0.3333333333333333,,,,,,,,,
multiverse_results,AtrialFibrillation,FreshPRINCE,0.2666666666666666,,,,,,,,,
multiverse_results,AtrialFibrillation,HC2,0.2,,,,,,,,,
multiverse_results,AtrialFibrillation,MRHydra,0.0666666666666666,,,,,,,,,
multiverse_results,AtrialFibrillation,QUANT,0.1333333333333333,,,,,,,,,
multiverse_results,AtrialFibrillation,RDST,0.2,,,,,,,,,
multiverse_results,AtrialFibrillation,RIST,0.2,,,,,,,,,
multiverse_results,AtrialFibrillation,ROCKET,0.0666666666666666,,,,,,,,,
multiverse_results,AtrialFibrillation,STC,0.2,,,,,,,,,
multiverse_results,AtrialFibrillation,TDE,0.3333333333333333,,,,,,,,,
multiverse_results,AtrialFibrillation,h-inceptiontime,0.3333333333333333,,,,,,,,,
multiverse_results,AtrialFibrillation,litetime-mv,0.2,,,,,,,,,
multiverse_results,BasicMotions,1NN-DTW,0.975,,,,,,,,,
multiverse_results,BasicMotions,Arsenal,1.0,,,,,,,,,
multiverse_results,BasicMotions,CIF-500,1.0,,,,,,,,,
multiverse_results,BasicMotions,Catch22,1.0,,,,,,,,,
multiverse_results,BasicMotions,DrCIF-500,1.0,,,,,,,,,
multiverse_results,BasicMotions,Dummy,0.25,,,,,,,,,
multiverse_results,BasicMotions,FreshPRINCE,1.0,,,,,,,,,
multiverse_results,BasicMotions,HC2,1.0,,,,,,,,,
multiverse_results,BasicMotions,MRHydra,1.0,,,,,,,,,
multiverse_results,BasicMotions,QUANT,1.0,,,,,,,,,
multiverse_results,BasicMotions,RDST,1.0,,,,,,,,,
multiverse_results,BasicMotions,RIST,1.0,,,,,,,,,
multiverse_results,BasicMotions,ROCKET,1.0,,,,,,,,,
multiverse_results,BasicMotions,STC,0.95,,,,,,,,,
multiverse_results,BasicMotions,TDE,1.0,,,,,,,,,
multiverse_results,BasicMotions,h-inceptiontime,1.0,,,,,,,,,
multiverse_results,BasicMotions,litetime-mv,1.0,,,,,,,,,
multiverse_results,BenzeneConcentration_disc_nmv,1NN-DTW,0.8206469107108271,,,,,,,,,
multiverse_results,BenzeneConcentration_disc_nmv,Arsenal,0.7797791981406159,,,,,,,,,
multiverse_results,BenzeneConcentration_disc_nmv,CIF-500,0.8183226806120473,,,,,,,,,
multiverse_results,BenzeneConcentration_disc_nmv,Catch22,0.5173348828200659,,,,,,,,,
multiverse_results,BenzeneConcentration_disc_nmv,DrCIF-500,0.8256827425915165,,,,,,,,,
multiverse_results,BenzeneConcentration_disc_nmv,Dummy,0.6897152818128994,,,,,,,,,
multiverse_results,BenzeneConcentration_disc_nmv,FreshPRINCE,0.8589967073406934,,,,,,,,,
multiverse_results,BenzeneConcentration_disc_nmv,HC2,0.7853960875460004,,,,,,,,,
multiverse_results,BenzeneConcentration_disc_nmv,MRHydra,0.7290335076505907,,,,,,,,,
multiverse_results,BenzeneConcentration_disc_nmv,QUANT,0.8599651365485182,,,,,,,,,
multiverse_results,BenzeneConcentration_disc_nmv,RDST,0.7439473174510943,,,,,,,,,
multiverse_results,BenzeneConcentration_disc_nmv,RIST,0.8169668797210924,,,,,,,,,
multiverse_results,BenzeneConcentration_disc_nmv,ROCKET,0.7530505520046484,,,,,,,,,
multiverse_results,BenzeneConcentration_disc_nmv,STC,0.8076699593259733,,,,,,,,,
multiverse_results,BenzeneConcentration_disc_nmv,TDE,0.6901026534960294,,,,,,,,,
multiverse_results,BenzeneConcentration_disc_nmv,h-inceptiontime,0.9643618051520434,,,,,,,,,
multiverse_results,BenzeneConcentration_disc_nmv,litetime-mv,0.8917296145651753,,,,,,,,,
multiverse_results,Blink,1NN-DTW,0.5844444444444444,,,,,,,,,
multiverse_results,Blink,Arsenal,1.0,,,,,,,,,
multiverse_results,Blink,CIF-500,1.0,,,,,,,,,
multiverse_results,Blink,Catch22,0.9977777777777778,,,,,,,,,
multiverse_results,Blink,DrCIF-500,0.9822222222222222,,,,,,,,,
multiverse_results,Blink,Dummy,0.4444444444444444,,,,,,,,,
multiverse_results,Blink,FreshPRINCE,0.9977777777777778,,,,,,,,,
multiverse_results,Blink,HC2,1.0,,,,,,,,,
multiverse_results,Blink,MRHydra,0.9777777777777776,,,,,,,,,
multiverse_results,Blink,QUANT,0.9933333333333332,,,,,,,,,
multiverse_results,Blink,RDST,1.0,,,,,,,,,
multiverse_results,Blink,RIST,0.9933333333333332,,,,,,,,,
multiverse_results,Blink,ROCKET,1.0,,,,,,,,,
multiverse_results,Blink,STC,0.9977777777777778,,,,,,,,,
multiverse_results,Blink,TDE,0.9977777777777778,,,,,,,,,
multiverse_results,Blink,h-inceptiontime,0.6666666666666666,,,,,,,,,
multiverse_results,Blink,litetime-mv,0.6866666666666666,,,,,,,,,
multiverse_results,BoneIntensitiesAgeGroup,1NN-DTW,0.5235955056179775,,,,,,,,,
multiverse_results,BoneIntensitiesAgeGroup,Arsenal,0.8067415730337079,,,,,,,,,
multiverse_results,BoneIntensitiesAgeGroup,CIF-500,0.8089887640449438,,,,,,,,,
multiverse_results,BoneIntensitiesAgeGroup,Catch22,0.7325842696629213,,,,,,,,,
multiverse_results,BoneIntensitiesAgeGroup,DrCIF-500,0.8089887640449438,,,,,,,,,
multiverse_results,BoneIntensitiesAgeGroup,Dummy,0.4764044943820225,,,,,,,,,
multiverse_results,BoneIntensitiesAgeGroup,FreshPRINCE,0.7910112359550562,,,,,,,,,
multiverse_results,BoneIntensitiesAgeGroup,HC2,0.8247191011235955,,,,,,,,,
multiverse_results,BoneIntensitiesAgeGroup,MRHydra,0.797752808988764,,,,,,,,,
multiverse_results,BoneIntensitiesAgeGroup,QUANT,0.8179775280898877,,,,,,,,,
multiverse_results,BoneIntensitiesAgeGroup,RDST,0.8089887640449438,,,,,,,,,
multiverse_results,BoneIntensitiesAgeGroup,RIST,0.8179775280898877,,,,,,,,,
multiverse_results,BoneIntensitiesAgeGroup,ROCKET,0.8134831460674158,,,,,,,,,
multiverse_results,BoneIntensitiesAgeGroup,STC,0.8134831460674158,,,,,,,,,
multiverse_results,BoneIntensitiesAgeGroup,TDE,0.8044943820224719,,,,,,,,,
multiverse_results,BoneIntensitiesAgeGroup,h-inceptiontime,0.7752808988764045,,,,,,,,,
multiverse_results,BoneIntensitiesAgeGroup,litetime-mv,0.7842696629213484,,,,,,,,,
multiverse_results,BoneProbAgeGroup,1NN-DTW,0.5191011235955056,,,,,,,,,
multiverse_results,BoneProbAgeGroup,Arsenal,0.6741573033707865,,,,,,,,,
multiverse_results,BoneProbAgeGroup,CIF-500,0.6494382022471911,,,,,,,,,
multiverse_results,BoneProbAgeGroup,Catch22,0.6404494382022472,,,,,,,,,
multiverse_results,BoneProbAgeGroup,DrCIF-500,0.6426966292134831,,,,,,,,,
multiverse_results,BoneProbAgeGroup,Dummy,0.4764044943820225,,,,,,,,,
multiverse_results,BoneProbAgeGroup,FreshPRINCE,0.6741573033707865,,,,,,,,,
multiverse_results,BoneProbAgeGroup,HC2,0.6831460674157304,,,,,,,,,
multiverse_results,BoneProbAgeGroup,MRHydra,0.6764044943820224,,,,,,,,,
multiverse_results,BoneProbAgeGroup,QUANT,0.6314606741573033,,,,,,,,,
multiverse_results,BoneProbAgeGroup,RDST,0.6876404494382022,,,,,,,,,
multiverse_results,BoneProbAgeGroup,RIST,0.6337078651685393,,,,,,,,,
multiverse_results,BoneProbAgeGroup,ROCKET,0.6876404494382022,,,,,,,,,
multiverse_results,BoneProbAgeGroup,STC,0.6292134831460674,,,,,,,,,
multiverse_results,BoneProbAgeGroup,TDE,0.6876404494382022,,,,,,,,,
multiverse_results,BoneProbAgeGroup,h-inceptiontime,0.7078651685393258,,,,,,,,,
multiverse_results,BoneProbAgeGroup,litetime-mv,0.7101123595505618,,,,,,,,,
multiverse_results,ButtonPress,1NN-DTW,0.5666666666666667,,,,,,,,,
multiverse_results,ButtonPress,Arsenal,0.9833333333333332,,,,,,,,,
multiverse_results,ButtonPress,CIF-500,1.0,,,,,,,,,
multiverse_results,ButtonPress,Catch22,1.0,,,,,,,,,
multiverse_results,ButtonPress,DrCIF-500,1.0,,,,,,,,,
multiverse_results,ButtonPress,Dummy,0.4416666666666666,,,,,,,,,
multiverse_results,ButtonPress,FreshPRINCE,1.0,,,,,,,,,
multiverse_results,ButtonPress,HC2,1.0,,,,,,,,,
multiverse_results,ButtonPress,MRHydra,1.0,,,,,,,,,
multiverse_results,ButtonPress,QUANT,0.9916666666666668,,,,,,,,,
multiverse_results,ButtonPress,RDST,0.8833333333333333,,,,,,,,,
multiverse_results,ButtonPress,RIST,1.0,,,,,,,,,
multiverse_results,ButtonPress,ROCKET,0.9833333333333332,,,,,,,,,
multiverse_results,ButtonPress,STC,0.9,,,,,,,,,
multiverse_results,ButtonPress,TDE,1.0,,,,,,,,,
multiverse_results,ButtonPress,h-inceptiontime,0.9166666666666666,,,,,,,,,
multiverse_results,ButtonPress,litetime-mv,0.9916666666666668,,,,,,,,,
multiverse_results,CharacterTrajectories_eq,1NN-DTW,0.9881615598885792,,,,,,,,,
multiverse_results,CharacterTrajectories_eq,Arsenal,0.9916434540389972,,,,,,,,,
multiverse_results,CharacterTrajectories_eq,CIF-500,0.9853760445682452,,,,,,,,,
multiverse_results,CharacterTrajectories_eq,Catch22,0.9798050139275766,,,,,,,,,
multiverse_results,CharacterTrajectories_eq,DrCIF-500,0.9853760445682452,,,,,,,,,
multiverse_results,CharacterTrajectories_eq,Dummy,0.0647632311977715,,,,,,,,,
multiverse_results,CharacterTrajectories_eq,FreshPRINCE,0.9909470752089136,,,,,,,,,
multiverse_results,CharacterTrajectories_eq,HC2,0.9916434540389972,,,,,,,,,
multiverse_results,CharacterTrajectories_eq,MRHydra,0.993732590529248,,,,,,,,,
multiverse_results,CharacterTrajectories_eq,QUANT,0.9853760445682452,,,,,,,,,
multiverse_results,CharacterTrajectories_eq,RDST,0.9944289693593314,,,,,,,,,
multiverse_results,CharacterTrajectories_eq,RIST,0.98050139275766,,,,,,,,,
multiverse_results,CharacterTrajectories_eq,ROCKET,0.9930362116991645,,,,,,,,,
multiverse_results,CharacterTrajectories_eq,STC,0.9749303621169916,,,,,,,,,
multiverse_results,CharacterTrajectories_eq,TDE,0.9798050139275766,,,,,,,,,
multiverse_results,CharacterTrajectories_eq,h-inceptiontime,0.9958217270194986,,,,,,,,,
multiverse_results,CharacterTrajectories_eq,litetime-mv,0.9958217270194986,,,,,,,,,
multiverse_results,CounterMovementJump_eq,1NN-DTW,0.5754189944134078,,,,,,,,,
multiverse_results,CounterMovementJump_eq,Arsenal,0.9273743016759776,,,,,,,,,
multiverse_results,CounterMovementJump_eq,CIF-500,0.7597765363128491,,,,,,,,,
multiverse_results,CounterMovementJump_eq,Catch22,0.7430167597765364,,,,,,,,,
multiverse_results,CounterMovementJump_eq,DrCIF-500,0.8379888268156425,,,,,,,,,
multiverse_results,CounterMovementJump_eq,Dummy,0.3351955307262569,,,,,,,,,
multiverse_results,CounterMovementJump_eq,FreshPRINCE,0.8212290502793296,,,,,,,,,
multiverse_results,CounterMovementJump_eq,HC2,0.9273743016759776,,,,,,,,,
multiverse_results,CounterMovementJump_eq,MRHydra,0.9273743016759776,,,,,,,,,
multiverse_results,CounterMovementJump_eq,QUANT,0.8938547486033519,,,,,,,,,
multiverse_results,CounterMovementJump_eq,RDST,0.88268156424581,,,,,,,,,
multiverse_results,CounterMovementJump_eq,RIST,0.9217877094972068,,,,,,,,,
multiverse_results,CounterMovementJump_eq,ROCKET,0.9217877094972068,,,,,,,,,
multiverse_results,CounterMovementJump_eq,STC,0.7262569832402235,,,,,,,,,
multiverse_results,CounterMovementJump_eq,TDE,0.8156424581005587,,,,,,,,,
multiverse_results,CounterMovementJump_eq,h-inceptiontime,0.6536312849162011,,,,,,,,,
multiverse_results,CounterMovementJump_eq,litetime-mv,0.7094972067039106,,,,,,,,,
multiverse_results,Cricket,1NN-DTW,1.0,,,,,,,,,
multiverse_results,Cricket,Arsenal,1.0,,,,,,,,,
multiverse_results,Cricket,CIF-500,0.9861111111111112,,,,,,,,,
multiverse_results,Cricket,Catch22,0.9861111111111112,,,,,,,,,
multiverse_results,Cricket,DrCIF-500,0.9583333333333334,,,,,,,,,
multiverse_results,Cricket,Dummy,0.0833333333333333,,,,,,,,,
multiverse_results,Cricket,FreshPRINCE,0.9722222222222222,,,,,,,,,
multiverse_results,Cricket,HC2,1.0,,,,,,,,,
multiverse_results,Cricket,MRHydra,0.9861111111111112,,,,,,,,,
multiverse_results,Cricket,QUANT,0.9861111111111112,,,,,,,,,
multiverse_results,Cricket,RDST,1.0,,,,,,,,,
multiverse_results,Cricket,RIST,0.9861111111111112,,,,,,,,,
multiverse_results,Cricket,ROCKET,1.0,,,,,,,,,
multiverse_results,Cricket,STC,0.9722222222222222,,,,,,,,,
multiverse_results,Cricket,TDE,0.9722222222222222,,,,,,,,,
multiverse_results,Cricket,h-inceptiontime,0.9861111111111112,,,,,,,,,
multiverse_results,Cricket,litetime-mv,0.9861111111111112,,,,,,,,,
multiverse_results,DuckDuckGeese,1NN-DTW,0.58,,,,,,,,,
multiverse_results,DuckDuckGeese,Arsenal,0.46,,,,,,,,,
multiverse_results,DuckDuckGeese,CIF-500,0.44,,,,,,,,,
multiverse_results,DuckDuckGeese,Catch22,0.5,,,,,,,,,
multiverse_results,DuckDuckGeese,DrCIF-500,0.52,,,,,,,,,
multiverse_results,DuckDuckGeese,Dummy,0.2,,,,,,,,,
multiverse_results,DuckDuckGeese,FreshPRINCE,0.54,,,,,,,,,
multiverse_results,DuckDuckGeese,HC2,0.34,,,,,,,,,
multiverse_results,DuckDuckGeese,MRHydra,0.54,,,,,,,,,
multiverse_results,DuckDuckGeese,QUANT,0.48,,,,,,,,,
multiverse_results,DuckDuckGeese,RDST,0.42,,,,,,,,,
multiverse_results,DuckDuckGeese,RIST,0.48,,,,,,,,,
multiverse_results,DuckDuckGeese,ROCKET,0.46,,,,,,,,,
multiverse_results,DuckDuckGeese,STC,0.42,,,,,,,,,
multiverse_results,DuckDuckGeese,TDE,0.24,,,,,,,,,
multiverse_results,DuckDuckGeese,h-inceptiontime,0.64,,,,,,,,,
multiverse_results,DuckDuckGeese,litetime-mv,0.46,,,,,,,,,
multiverse_results,ERing,1NN-DTW,0.9148148148148147,,,,,,,,,
multiverse_results,ERing,Arsenal,0.9888888888888888,,,,,,,,,
multiverse_results,ERing,CIF-500,0.9703703703703704,,,,,,,,,
multiverse_results,ERing,Catch22,0.9222222222222224,,,,,,,,,
multiverse_results,ERing,DrCIF-500,0.9851851851851852,,,,,,,,,
multiverse_results,ERing,Dummy,0.1666666666666666,,,,,,,,,
multiverse_results,ERing,FreshPRINCE,0.925925925925926,,,,,,,,,
multiverse_results,ERing,HC2,0.9888888888888888,,,,,,,,,
multiverse_results,ERing,MRHydra,0.974074074074074,,,,,,,,,
multiverse_results,ERing,QUANT,0.9777777777777776,,,,,,,,,
multiverse_results,ERing,RDST,0.974074074074074,,,,,,,,,
multiverse_results,ERing,RIST,0.9777777777777776,,,,,,,,,
multiverse_results,ERing,ROCKET,0.9814814814814816,,,,,,,,,
multiverse_results,ERing,STC,0.8925925925925926,,,,,,,,,
multiverse_results,ERing,TDE,0.9555555555555556,,,,,,,,,
multiverse_results,ERing,h-inceptiontime,0.9333333333333332,,,,,,,,,
multiverse_results,ERing,litetime-mv,0.9333333333333332,,,,,,,,,
multiverse_results,EmoPain,1NN-DTW,0.9267605633802816,,,,,,,,,
multiverse_results,EmoPain,Arsenal,0.8112676056338028,,,,,,,,,
multiverse_results,EmoPain,CIF-500,0.8450704225352113,,,,,,,,,
multiverse_results,EmoPain,Catch22,0.8845070422535212,,,,,,,,,
multiverse_results,EmoPain,DrCIF-500,0.847887323943662,,,,,,,,,
multiverse_results,EmoPain,Dummy,0.7830985915492957,,,,,,,,,
multiverse_results,EmoPain,FreshPRINCE,0.8507042253521127,,,,,,,,,
multiverse_results,EmoPain,HC2,0.8394366197183099,,,,,,,,,
multiverse_results,EmoPain,MRHydra,0.8704225352112676,,,,,,,,,
multiverse_results,EmoPain,QUANT,0.8450704225352113,,,,,,,,,
multiverse_results,EmoPain,RDST,0.8901408450704226,,,,,,,,,
multiverse_results,EmoPain,RIST,0.8788732394366198,,,,,,,,,
multiverse_results,EmoPain,ROCKET,0.8028169014084507,,,,,,,,,
multiverse_results,EmoPain,STC,0.8309859154929577,,,,,,,,,
multiverse_results,EmoPain,TDE,0.8112676056338028,,,,,,,,,
multiverse_results,EmoPain,h-inceptiontime,0.676056338028169,,,,,,,,,
multiverse_results,EmoPain,litetime-mv,0.8422535211267606,,,,,,,,,
multiverse_results,Epilepsy,1NN-DTW,0.9637681159420288,,,,,,,,,
multiverse_results,Epilepsy,Arsenal,0.9855072463768116,,,,,,,,,
multiverse_results,Epilepsy,CIF-500,0.9855072463768116,,,,,,,,,
multiverse_results,Epilepsy,Catch22,0.9855072463768116,,,,,,,,,
multiverse_results,Epilepsy,DrCIF-500,0.9927536231884058,,,,,,,,,
multiverse_results,Epilepsy,Dummy,0.2681159420289855,,,,,,,,,
multiverse_results,Epilepsy,FreshPRINCE,0.9420289855072465,,,,,,,,,
multiverse_results,Epilepsy,HC2,1.0,,,,,,,,,
multiverse_results,Epilepsy,MRHydra,1.0,,,,,,,,,
multiverse_results,Epilepsy,QUANT,1.0,,,,,,,,,
multiverse_results,Epilepsy,RDST,0.9927536231884058,,,,,,,,,
multiverse_results,Epilepsy,RIST,0.9855072463768116,,,,,,,,,
multiverse_results,Epilepsy,ROCKET,0.9855072463768116,,,,,,,,,
multiverse_results,Epilepsy,STC,0.9855072463768116,,,,,,,,,
multiverse_results,Epilepsy,TDE,1.0,,,,,,,,,
multiverse_results,Epilepsy,h-inceptiontime,0.9710144927536232,,,,,,,,,
multiverse_results,Epilepsy,litetime-mv,1.0,,,,,,,,,
multiverse_results,EthanolConcentration,1NN-DTW,0.3231939163498099,,,,,,,,,
multiverse_results,EthanolConcentration,Arsenal,0.4106463878326996,,,,,,,,,
multiverse_results,EthanolConcentration,CIF-500,0.714828897338403,,,,,,,,,
multiverse_results,EthanolConcentration,Catch22,0.3574144486692015,,,,,,,,,
multiverse_results,EthanolConcentration,DrCIF-500,0.6730038022813688,,,,,,,,,
multiverse_results,EthanolConcentration,Dummy,0.2509505703422053,,,,,,,,,
multiverse_results,EthanolConcentration,FreshPRINCE,0.3802281368821292,,,,,,,,,
multiverse_results,EthanolConcentration,HC2,0.7186311787072244,,,,,,,,,
multiverse_results,EthanolConcentration,MRHydra,0.6007604562737643,,,,,,,,,
multiverse_results,EthanolConcentration,QUANT,0.6958174904942965,,,,,,,,,
multiverse_results,EthanolConcentration,RDST,0.6121673003802282,,,,,,,,,
multiverse_results,EthanolConcentration,RIST,0.6197718631178707,,,,,,,,,
multiverse_results,EthanolConcentration,ROCKET,0.4334600760456273,,,,,,,,,
multiverse_results,EthanolConcentration,STC,0.7490494296577946,,,,,,,,,
multiverse_results,EthanolConcentration,TDE,0.5209125475285171,,,,,,,,,
multiverse_results,EthanolConcentration,h-inceptiontime,0.2395437262357414,,,,,,,,,
multiverse_results,EthanolConcentration,litetime-mv,0.2699619771863117,,,,,,,,,
multiverse_results,EyesOpenShut,1NN-DTW,0.4761904761904761,,,,,,,,,
multiverse_results,EyesOpenShut,Arsenal,0.5238095238095238,,,,,,,,,
multiverse_results,EyesOpenShut,CIF-500,0.5,,,,,,,,,
multiverse_results,EyesOpenShut,Catch22,0.5,,,,,,,,,
multiverse_results,EyesOpenShut,DrCIF-500,0.5,,,,,,,,,
multiverse_results,EyesOpenShut,Dummy,0.5,,,,,,,,,
multiverse_results,EyesOpenShut,FreshPRINCE,0.5,,,,,,,,,
multiverse_results,EyesOpenShut,HC2,0.4523809523809524,,,,,,,,,
multiverse_results,EyesOpenShut,MRHydra,0.4285714285714285,,,,,,,,,
multiverse_results,EyesOpenShut,QUANT,0.5714285714285714,,,,,,,,,
multiverse_results,EyesOpenShut,RDST,0.4761904761904761,,,,,,,,,
multiverse_results,EyesOpenShut,RIST,0.5238095238095238,,,,,,,,,
multiverse_results,EyesOpenShut,ROCKET,0.5238095238095238,,,,,,,,,
multiverse_results,EyesOpenShut,STC,0.4761904761904761,,,,,,,,,
multiverse_results,EyesOpenShut,TDE,0.4285714285714285,,,,,,,,,
multiverse_results,EyesOpenShut,h-inceptiontime,0.4285714285714285,,,,,,,,,
multiverse_results,EyesOpenShut,litetime-mv,0.4285714285714285,,,,,,,,,
multiverse_results,FingerMovements,1NN-DTW,0.53,,,,,,,,,
multiverse_results,FingerMovements,Arsenal,0.54,,,,,,,,,
multiverse_results,FingerMovements,CIF-500,0.55,,,,,,,,,
multiverse_results,FingerMovements,Catch22,0.5,,,,,,,,,
multiverse_results,FingerMovements,DrCIF-500,0.48,,,,,,,,,
multiverse_results,FingerMovements,Dummy,0.49,,,,,,,,,
multiverse_results,FingerMovements,FreshPRINCE,0.53,,,,,,,,,
multiverse_results,FingerMovements,HC2,0.54,,,,,,,,,
multiverse_results,FingerMovements,MRHydra,0.56,,,,,,,,,
multiverse_results,FingerMovements,QUANT,0.5,,,,,,,,,
multiverse_results,FingerMovements,RDST,0.54,,,,,,,,,
multiverse_results,FingerMovements,RIST,0.52,,,,,,,,,
multiverse_results,FingerMovements,ROCKET,0.55,,,,,,,,,
multiverse_results,FingerMovements,STC,0.58,,,,,,,,,
multiverse_results,FingerMovements,TDE,0.5,,,,,,,,,
multiverse_results,FingerMovements,h-inceptiontime,0.57,,,,,,,,,
multiverse_results,FingerMovements,litetime-mv,0.64,,,,,,,,,
multiverse_results,HandMovementDirection,1NN-DTW,0.1891891891891892,,,,,,,,,
multiverse_results,HandMovementDirection,Arsenal,0.5,,,,,,,,,
multiverse_results,HandMovementDirection,CIF-500,0.4729729729729729,,,,,,,,,
multiverse_results,HandMovementDirection,Catch22,0.2567567567567567,,,,,,,,,
multiverse_results,HandMovementDirection,DrCIF-500,0.527027027027027,,,,,,,,,
multiverse_results,HandMovementDirection,Dummy,0.2027027027027027,,,,,,,,,
multiverse_results,HandMovementDirection,FreshPRINCE,0.4594594594594595,,,,,,,,,
multiverse_results,HandMovementDirection,HC2,0.4189189189189189,,,,,,,,,
multiverse_results,HandMovementDirection,MRHydra,0.3243243243243243,,,,,,,,,
multiverse_results,HandMovementDirection,QUANT,0.527027027027027,,,,,,,,,
multiverse_results,HandMovementDirection,RDST,0.3378378378378378,,,,,,,,,
multiverse_results,HandMovementDirection,RIST,0.4459459459459459,,,,,,,,,
multiverse_results,HandMovementDirection,ROCKET,0.5135135135135135,,,,,,,,,
multiverse_results,HandMovementDirection,STC,0.5405405405405406,,,,,,,,,
multiverse_results,HandMovementDirection,TDE,0.3648648648648648,,,,,,,,,
multiverse_results,HandMovementDirection,h-inceptiontime,0.4324324324324324,,,,,,,,,
multiverse_results,HandMovementDirection,litetime-mv,0.3378378378378378,,,,,,,,,
multiverse_results,Handwriting,1NN-DTW,0.6070588235294118,,,,,,,,,
multiverse_results,Handwriting,Arsenal,0.5611764705882353,,,,,,,,,
multiverse_results,Handwriting,CIF-500,0.3858823529411764,,,,,,,,,
multiverse_results,Handwriting,Catch22,0.2564705882352941,,,,,,,,,
multiverse_results,Handwriting,DrCIF-500,0.3529411764705882,,,,,,,,,
multiverse_results,Handwriting,Dummy,0.0376470588235294,,,,,,,,,
multiverse_results,Handwriting,FreshPRINCE,0.348235294117647,,,,,,,,,
multiverse_results,Handwriting,HC2,0.5847058823529412,,,,,,,,,
multiverse_results,Handwriting,MRHydra,0.5223529411764706,,,,,,,,,
multiverse_results,Handwriting,QUANT,0.3364705882352941,,,,,,,,,
multiverse_results,Handwriting,RDST,0.6047058823529412,,,,,,,,,
multiverse_results,Handwriting,RIST,0.3858823529411764,,,,,,,,,
multiverse_results,Handwriting,ROCKET,0.5870588235294117,,,,,,,,,
multiverse_results,Handwriting,STC,0.4117647058823529,,,,,,,,,
multiverse_results,Handwriting,TDE,0.5611764705882353,,,,,,,,,
multiverse_results,Handwriting,h-inceptiontime,0.6470588235294118,,,,,,,,,
multiverse_results,Handwriting,litetime-mv,0.6305882352941177,,,,,,,,,
multiverse_results,Heartbeat,1NN-DTW,0.7170731707317073,,,,,,,,,
multiverse_results,Heartbeat,Arsenal,0.7414634146341463,,,,,,,,,
multiverse_results,Heartbeat,CIF-500,0.775609756097561,,,,,,,,,
multiverse_results,Heartbeat,Catch22,0.7609756097560976,,,,,,,,,
multiverse_results,Heartbeat,DrCIF-500,0.7853658536585366,,,,,,,,,
multiverse_results,Heartbeat,Dummy,0.7219512195121951,,,,,,,,,
multiverse_results,Heartbeat,FreshPRINCE,0.775609756097561,,,,,,,,,
multiverse_results,Heartbeat,HC2,0.751219512195122,,,,,,,,,
multiverse_results,Heartbeat,MRHydra,0.751219512195122,,,,,,,,,
multiverse_results,Heartbeat,QUANT,0.775609756097561,,,,,,,,,
multiverse_results,Heartbeat,RDST,0.751219512195122,,,,,,,,,
multiverse_results,Heartbeat,RIST,0.775609756097561,,,,,,,,,
multiverse_results,Heartbeat,ROCKET,0.7560975609756098,,,,,,,,,
multiverse_results,Heartbeat,STC,0.7219512195121951,,,,,,,,,
multiverse_results,Heartbeat,TDE,0.6536585365853659,,,,,,,,,
multiverse_results,Heartbeat,h-inceptiontime,0.7560975609756098,,,,,,,,,
multiverse_results,Heartbeat,litetime-mv,0.7121951219512195,,,,,,,,,
multiverse_results,HouseholdPowerConsumption1_disc_nmv,1NN-DTW,0.7638483965014577,,,,,,,,,
multiverse_results,HouseholdPowerConsumption1_disc_nmv,Arsenal,0.8892128279883382,,,,,,,,,
multiverse_results,HouseholdPowerConsumption1_disc_nmv,CIF-500,0.9606413994169096,,,,,,,,,
multiverse_results,HouseholdPowerConsumption1_disc_nmv,Catch22,0.9752186588921284,,,,,,,,,
multiverse_results,HouseholdPowerConsumption1_disc_nmv,DrCIF-500,0.9416909620991254,,,,,,,,,
multiverse_results,HouseholdPowerConsumption1_disc_nmv,Dummy,0.7784256559766763,,,,,,,,,
multiverse_results,HouseholdPowerConsumption1_disc_nmv,FreshPRINCE,0.9839650145772596,,,,,,,,,
multiverse_results,HouseholdPowerConsumption1_disc_nmv,HC2,0.9037900874635568,,,,,,,,,
multiverse_results,HouseholdPowerConsumption1_disc_nmv,MRHydra,0.8950437317784257,,,,,,,,,
multiverse_results,HouseholdPowerConsumption1_disc_nmv,QUANT,0.9737609329446064,,,,,,,,,
multiverse_results,HouseholdPowerConsumption1_disc_nmv,RDST,0.892128279883382,,,,,,,,,
multiverse_results,HouseholdPowerConsumption1_disc_nmv,RIST,0.934402332361516,,,,,,,,,
multiverse_results,HouseholdPowerConsumption1_disc_nmv,ROCKET,0.89067055393586,,,,,,,,,
multiverse_results,HouseholdPowerConsumption1_disc_nmv,STC,0.8760932944606414,,,,,,,,,
multiverse_results,HouseholdPowerConsumption1_disc_nmv,TDE,0.8556851311953353,,,,,,,,,
multiverse_results,HouseholdPowerConsumption1_disc_nmv,h-inceptiontime,0.9212827988338192,,,,,,,,,
multiverse_results,HouseholdPowerConsumption1_disc_nmv,litetime-mv,0.9110787172011662,,,,,,,,,
multiverse_results,HouseholdPowerConsumption2_disc_nmv,1NN-DTW,0.6457725947521866,,,,,,,,,
multiverse_results,HouseholdPowerConsumption2_disc_nmv,Arsenal,0.7711370262390671,,,,,,,,,
multiverse_results,HouseholdPowerConsumption2_disc_nmv,CIF-500,0.7711370262390671,,,,,,,,,
multiverse_results,HouseholdPowerConsumption2_disc_nmv,Catch22,0.7317784256559767,,,,,,,,,
multiverse_results,HouseholdPowerConsumption2_disc_nmv,DrCIF-500,0.7769679300291545,,,,,,,,,
multiverse_results,HouseholdPowerConsumption2_disc_nmv,Dummy,0.7215743440233237,,,,,,,,,
multiverse_results,HouseholdPowerConsumption2_disc_nmv,FreshPRINCE,0.7696793002915452,,,,,,,,,
multiverse_results,HouseholdPowerConsumption2_disc_nmv,HC2,0.7798833819241983,,,,,,,,,
multiverse_results,HouseholdPowerConsumption2_disc_nmv,MRHydra,0.7871720116618076,,,,,,,,,
multiverse_results,HouseholdPowerConsumption2_disc_nmv,QUANT,0.782798833819242,,,,,,,,,
multiverse_results,HouseholdPowerConsumption2_disc_nmv,RDST,0.7740524781341108,,,,,,,,,
multiverse_results,HouseholdPowerConsumption2_disc_nmv,RIST,0.7667638483965015,,,,,,,,,
multiverse_results,HouseholdPowerConsumption2_disc_nmv,ROCKET,0.7478134110787172,,,,,,,,,
multiverse_results,HouseholdPowerConsumption2_disc_nmv,STC,0.7725947521865889,,,,,,,,,
multiverse_results,HouseholdPowerConsumption2_disc_nmv,TDE,0.749271137026239,,,,,,,,,
multiverse_results,HouseholdPowerConsumption2_disc_nmv,h-inceptiontime,0.782798833819242,,,,,,,,,
multiverse_results,HouseholdPowerConsumption2_disc_nmv,litetime-mv,0.7361516034985423,,,,,,,,,
multiverse_results,IEEEPPG_disc,1NN-DTW,0.3878012048192771,,,,,,,,,
multiverse_results,IEEEPPG_disc,Arsenal,0.6061746987951807,,,,,,,,,
multiverse_results,IEEEPPG_disc,CIF-500,0.4367469879518072,,,,,,,,,
multiverse_results,IEEEPPG_disc,Catch22,0.4894578313253012,,,,,,,,,
multiverse_results,IEEEPPG_disc,DrCIF-500,0.3094879518072289,,,,,,,,,
multiverse_results,IEEEPPG_disc,Dummy,0.2605421686746988,,,,,,,,,
multiverse_results,IEEEPPG_disc,FreshPRINCE,0.2929216867469879,,,,,,,,,
multiverse_results,IEEEPPG_disc,HC2,0.598644578313253,,,,,,,,,
multiverse_results,IEEEPPG_disc,MRHydra,0.6061746987951807,,,,,,,,,
multiverse_results,IEEEPPG_disc,QUANT,0.2680722891566265,,,,,,,,,
multiverse_results,IEEEPPG_disc,RDST,0.7153614457831325,,,,,,,,,
multiverse_results,IEEEPPG_disc,RIST,0.3237951807228915,,,,,,,,,
multiverse_results,IEEEPPG_disc,ROCKET,0.6310240963855421,,,,,,,,,
multiverse_results,IEEEPPG_disc,STC,0.6581325301204819,,,,,,,,,
multiverse_results,IEEEPPG_disc,TDE,0.3501506024096386,,,,,,,,,
multiverse_results,IEEEPPG_disc,h-inceptiontime,0.6656626506024096,,,,,,,,,
multiverse_results,IEEEPPG_disc,litetime-mv,0.3787650602409638,,,,,,,,,
multiverse_results,IRDS-EFL,1NN-DTW,0.6538461538461539,,,,,,,,,
multiverse_results,IRDS-EFL,Arsenal,0.6153846153846154,,,,,,,,,
multiverse_results,IRDS-EFL,CIF-500,0.6538461538461539,,,,,,,,,
multiverse_results,IRDS-EFL,Catch22,0.7307692307692307,,,,,,,,,
multiverse_results,IRDS-EFL,DrCIF-500,0.5384615384615384,,,,,,,,,
multiverse_results,IRDS-EFL,Dummy,0.5384615384615384,,,,,,,,,
multiverse_results,IRDS-EFL,FreshPRINCE,0.8846153846153846,,,,,,,,,
multiverse_results,IRDS-EFL,HC2,0.6538461538461539,,,,,,,,,
multiverse_results,IRDS-EFL,MRHydra,0.7692307692307693,,,,,,,,,
multiverse_results,IRDS-EFL,QUANT,0.7307692307692307,,,,,,,,,
multiverse_results,IRDS-EFL,RDST,0.7692307692307693,,,,,,,,,
multiverse_results,IRDS-EFL,RIST,0.5384615384615384,,,,,,,,,
multiverse_results,IRDS-EFL,ROCKET,0.5769230769230769,,,,,,,,,
multiverse_results,IRDS-EFL,STC,0.8461538461538461,,,,,,,,,
multiverse_results,IRDS-EFL,TDE,0.5769230769230769,,,,,,,,,
multiverse_results,IRDS-EFL,h-inceptiontime,0.6538461538461539,,,,,,,,,
multiverse_results,IRDS-EFL,litetime-mv,0.6538461538461539,,,,,,,,,
multiverse_results,IRDS-EFR,1NN-DTW,0.8,,,,,,,,,
multiverse_results,IRDS-EFR,Arsenal,0.6666666666666666,,,,,,,,,
multiverse_results,IRDS-EFR,CIF-500,0.6666666666666666,,,,,,,,,
multiverse_results,IRDS-EFR,Catch22,0.6666666666666666,,,,,,,,,
multiverse_results,IRDS-EFR,DrCIF-500,0.6666666666666666,,,,,,,,,
multiverse_results,IRDS-EFR,Dummy,0.6666666666666666,,,,,,,,,
multiverse_results,IRDS-EFR,FreshPRINCE,0.6666666666666666,,,,,,,,,
multiverse_results,IRDS-EFR,HC2,0.6666666666666666,,,,,,,,,
multiverse_results,IRDS-EFR,MRHydra,0.6666666666666666,,,,,,,,,
multiverse_results,IRDS-EFR,QUANT,0.6666666666666666,,,,,,,,,
multiverse_results,IRDS-EFR,RDST,0.6666666666666666,,,,,,,,,
multiverse_results,IRDS-EFR,RIST,0.6666666666666666,,,,,,,,,
multiverse_results,IRDS-EFR,ROCKET,0.6666666666666666,,,,,,,,,
multiverse_results,IRDS-EFR,STC,0.6666666666666666,,,,,,,,,
multiverse_results,IRDS-EFR,TDE,0.6666666666666666,,,,,,,,,
multiverse_results,IRDS-EFR,h-inceptiontime,0.6666666666666666,,,,,,,,,
multiverse_results,IRDS-EFR,litetime-mv,0.8666666666666667,,,,,,,,,
multiverse_results,IRDS-SAL,1NN-DTW,0.3214285714285714,,,,,,,,,
multiverse_results,IRDS-SAL,Arsenal,0.5178571428571429,,,,,,,,,
multiverse_results,IRDS-SAL,CIF-500,0.375,,,,,,,,,
multiverse_results,IRDS-SAL,Catch22,0.3928571428571428,,,,,,,,,
multiverse_results,IRDS-SAL,DrCIF-500,0.375,,,,,,,,,
multiverse_results,IRDS-SAL,Dummy,0.75,,,,,,,,,
multiverse_results,IRDS-SAL,FreshPRINCE,0.3928571428571428,,,,,,,,,
multiverse_results,IRDS-SAL,HC2,0.5535714285714286,,,,,,,,,
multiverse_results,IRDS-SAL,MRHydra,0.3214285714285714,,,,,,,,,
multiverse_results,IRDS-SAL,QUANT,0.3392857142857143,,,,,,,,,
multiverse_results,IRDS-SAL,RDST,0.7678571428571429,,,,,,,,,
multiverse_results,IRDS-SAL,RIST,0.3214285714285714,,,,,,,,,
multiverse_results,IRDS-SAL,ROCKET,0.6071428571428571,,,,,,,,,
multiverse_results,IRDS-SAL,STC,0.6607142857142857,,,,,,,,,
multiverse_results,IRDS-SAL,TDE,0.7142857142857143,,,,,,,,,
multiverse_results,IRDS-SAL,h-inceptiontime,0.2678571428571428,,,,,,,,,
multiverse_results,IRDS-SAL,litetime-mv,0.3571428571428571,,,,,,,,,
multiverse_results,IRDS-SAR,1NN-DTW,0.1212121212121212,,,,,,,,,
multiverse_results,IRDS-SAR,Arsenal,0.2727272727272727,,,,,,,,,
multiverse_results,IRDS-SAR,CIF-500,0.3939393939393939,,,,,,,,,
multiverse_results,IRDS-SAR,Catch22,0.2121212121212121,,,,,,,,,
multiverse_results,IRDS-SAR,DrCIF-500,0.1818181818181818,,,,,,,,,
multiverse_results,IRDS-SAR,Dummy,0.1212121212121212,,,,,,,,,
multiverse_results,IRDS-SAR,FreshPRINCE,0.303030303030303,,,,,,,,,
multiverse_results,IRDS-SAR,HC2,0.1515151515151515,,,,,,,,,
multiverse_results,IRDS-SAR,MRHydra,0.696969696969697,,,,,,,,,
multiverse_results,IRDS-SAR,QUANT,0.5151515151515151,,,,,,,,,
multiverse_results,IRDS-SAR,RDST,0.3636363636363636,,,,,,,,,
multiverse_results,IRDS-SAR,RIST,0.1212121212121212,,,,,,,,,
multiverse_results,IRDS-SAR,ROCKET,0.2727272727272727,,,,,,,,,
multiverse_results,IRDS-SAR,STC,0.4545454545454545,,,,,,,,,
multiverse_results,IRDS-SAR,TDE,0.1212121212121212,,,,,,,,,
multiverse_results,IRDS-SAR,h-inceptiontime,0.7272727272727273,,,,,,,,,
multiverse_results,IRDS-SAR,litetime-mv,0.7575757575757576,,,,,,,,,
multiverse_results,IRDS-SFE,1NN-DTW,1.0,,,,,,,,,
multiverse_results,IRDS-SFE,Arsenal,0.6666666666666666,,,,,,,,,
multiverse_results,IRDS-SFE,CIF-500,0.6666666666666666,,,,,,,,,
multiverse_results,IRDS-SFE,Catch22,0.7333333333333333,,,,,,,,,
multiverse_results,IRDS-SFE,DrCIF-500,0.6666666666666666,,,,,,,,,
multiverse_results,IRDS-SFE,Dummy,0.6666666666666666,,,,,,,,,
multiverse_results,IRDS-SFE,FreshPRINCE,0.8,,,,,,,,,
multiverse_results,IRDS-SFE,HC2,0.6666666666666666,,,,,,,,,
multiverse_results,IRDS-SFE,MRHydra,0.7333333333333333,,,,,,,,,
multiverse_results,IRDS-SFE,QUANT,0.6666666666666666,,,,,,,,,
multiverse_results,IRDS-SFE,RDST,0.6666666666666666,,,,,,,,,
multiverse_results,IRDS-SFE,RIST,0.6666666666666666,,,,,,,,,
multiverse_results,IRDS-SFE,ROCKET,0.6666666666666666,,,,,,,,,
multiverse_results,IRDS-SFE,STC,0.6666666666666666,,,,,,,,,
multiverse_results,IRDS-SFE,TDE,0.6666666666666666,,,,,,,,,
multiverse_results,IRDS-SFE,h-inceptiontime,0.6666666666666666,,,,,,,,,
multiverse_results,IRDS-SFE,litetime-mv,0.8666666666666667,,,,,,,,,
multiverse_results,IRDS-SFL,1NN-DTW,0.4913793103448275,,,,,,,,,
multiverse_results,IRDS-SFL,Arsenal,0.8103448275862069,,,,,,,,,
multiverse_results,IRDS-SFL,CIF-500,0.8103448275862069,,,,,,,,,
multiverse_results,IRDS-SFL,Catch22,0.7844827586206896,,,,,,,,,
multiverse_results,IRDS-SFL,DrCIF-500,0.8189655172413793,,,,,,,,,
multiverse_results,IRDS-SFL,Dummy,0.2068965517241379,,,,,,,,,
multiverse_results,IRDS-SFL,FreshPRINCE,0.8103448275862069,,,,,,,,,
multiverse_results,IRDS-SFL,HC2,0.8189655172413793,,,,,,,,,
multiverse_results,IRDS-SFL,MRHydra,0.7672413793103449,,,,,,,,,
multiverse_results,IRDS-SFL,QUANT,0.8103448275862069,,,,,,,,,
multiverse_results,IRDS-SFL,RDST,0.8706896551724138,,,,,,,,,
multiverse_results,IRDS-SFL,RIST,0.8448275862068966,,,,,,,,,
multiverse_results,IRDS-SFL,ROCKET,0.7931034482758621,,,,,,,,,
multiverse_results,IRDS-SFL,STC,0.853448275862069,,,,,,,,,
multiverse_results,IRDS-SFL,TDE,0.5,,,,,,,,,
multiverse_results,IRDS-SFL,h-inceptiontime,0.5689655172413793,,,,,,,,,
multiverse_results,IRDS-SFL,litetime-mv,0.646551724137931,,,,,,,,,
multiverse_results,IRDS-SFR,1NN-DTW,0.8666666666666667,,,,,,,,,
multiverse_results,IRDS-SFR,Arsenal,0.8,,,,,,,,,
multiverse_results,IRDS-SFR,CIF-500,0.6,,,,,,,,,
multiverse_results,IRDS-SFR,Catch22,0.4,,,,,,,,,
multiverse_results,IRDS-SFR,DrCIF-500,0.5333333333333333,,,,,,,,,
multiverse_results,IRDS-SFR,Dummy,0.8666666666666667,,,,,,,,,
multiverse_results,IRDS-SFR,FreshPRINCE,0.4,,,,,,,,,
multiverse_results,IRDS-SFR,HC2,0.7333333333333333,,,,,,,,,
multiverse_results,IRDS-SFR,MRHydra,0.6,,,,,,,,,
multiverse_results,IRDS-SFR,QUANT,0.5333333333333333,,,,,,,,,
multiverse_results,IRDS-SFR,RDST,0.8666666666666667,,,,,,,,,
multiverse_results,IRDS-SFR,RIST,0.6,,,,,,,,,
multiverse_results,IRDS-SFR,ROCKET,0.8,,,,,,,,,
multiverse_results,IRDS-SFR,STC,0.6,,,,,,,,,
multiverse_results,IRDS-SFR,TDE,0.8666666666666667,,,,,,,,,
multiverse_results,IRDS-SFR,h-inceptiontime,0.7333333333333333,,,,,,,,,
multiverse_results,IRDS-SFR,litetime-mv,0.5333333333333333,,,,,,,,,
multiverse_results,IRDS-STL,1NN-DTW,0.5263157894736842,,,,,,,,,
multiverse_results,IRDS-STL,Arsenal,0.7368421052631579,,,,,,,,,
multiverse_results,IRDS-STL,CIF-500,0.7631578947368421,,,,,,,,,
multiverse_results,IRDS-STL,Catch22,0.7368421052631579,,,,,,,,,
multiverse_results,IRDS-STL,DrCIF-500,0.5263157894736842,,,,,,,,,
multiverse_results,IRDS-STL,Dummy,0.7105263157894737,,,,,,,,,
multiverse_results,IRDS-STL,FreshPRINCE,0.868421052631579,,,,,,,,,
multiverse_results,IRDS-STL,HC2,0.7368421052631579,,,,,,,,,
multiverse_results,IRDS-STL,MRHydra,0.6842105263157895,,,,,,,,,
multiverse_results,IRDS-STL,QUANT,0.5,,,,,,,,,
multiverse_results,IRDS-STL,RDST,0.7631578947368421,,,,,,,,,
multiverse_results,IRDS-STL,RIST,0.7105263157894737,,,,,,,,,
multiverse_results,IRDS-STL,ROCKET,0.7368421052631579,,,,,,,,,
multiverse_results,IRDS-STL,STC,0.7631578947368421,,,,,,,,,
multiverse_results,IRDS-STL,TDE,0.7105263157894737,,,,,,,,,
multiverse_results,IRDS-STL,h-inceptiontime,0.1578947368421052,,,,,,,,,
multiverse_results,IRDS-STL,litetime-mv,0.5526315789473685,,,,,,,,,
multiverse_results,IRDS-STR,1NN-DTW,0.1833333333333333,,,,,,,,,
multiverse_results,IRDS-STR,Arsenal,0.9166666666666666,,,,,,,,,
multiverse_results,IRDS-STR,CIF-500,0.95,,,,,,,,,
multiverse_results,IRDS-STR,Catch22,0.45,,,,,,,,,
multiverse_results,IRDS-STR,DrCIF-500,0.8666666666666667,,,,,,,,,
multiverse_results,IRDS-STR,Dummy,0.9166666666666666,,,,,,,,,
multiverse_results,IRDS-STR,FreshPRINCE,0.9666666666666668,,,,,,,,,
multiverse_results,IRDS-STR,HC2,0.9333333333333332,,,,,,,,,
multiverse_results,IRDS-STR,MRHydra,0.9333333333333332,,,,,,,,,
multiverse_results,IRDS-STR,QUANT,0.9333333333333332,,,,,,,,,
multiverse_results,IRDS-STR,RDST,0.9333333333333332,,,,,,,,,
multiverse_results,IRDS-STR,RIST,0.9,,,,,,,,,
multiverse_results,IRDS-STR,ROCKET,0.9166666666666666,,,,,,,,,
multiverse_results,IRDS-STR,STC,0.9666666666666668,,,,,,,,,
multiverse_results,IRDS-STR,TDE,0.8833333333333333,,,,,,,,,
multiverse_results,IRDS-STR,h-inceptiontime,0.8833333333333333,,,,,,,,,
multiverse_results,IRDS-STR,litetime-mv,0.6833333333333333,,,,,,,,,
multiverse_results,JapaneseVowels_eq,1NN-DTW,0.9594594594594594,,,,,,,,,
multiverse_results,JapaneseVowels_eq,Arsenal,0.8378378378378378,,,,,,,,,
multiverse_results,JapaneseVowels_eq,CIF-500,0.9675675675675676,,,,,,,,,
multiverse_results,JapaneseVowels_eq,Catch22,0.9486486486486486,,,,,,,,,
multiverse_results,JapaneseVowels_eq,DrCIF-500,0.972972972972973,,,,,,,,,
multiverse_results,JapaneseVowels_eq,Dummy,0.0837837837837837,,,,,,,,,
multiverse_results,JapaneseVowels_eq,FreshPRINCE,0.9594594594594594,,,,,,,,,
multiverse_results,JapaneseVowels_eq,HC2,0.9324324324324323,,,,,,,,,
multiverse_results,JapaneseVowels_eq,MRHydra,0.9783783783783784,,,,,,,,,
multiverse_results,JapaneseVowels_eq,QUANT,0.9567567567567568,,,,,,,,,
multiverse_results,JapaneseVowels_eq,RDST,0.972972972972973,,,,,,,,,
multiverse_results,JapaneseVowels_eq,RIST,0.954054054054054,,,,,,,,,
multiverse_results,JapaneseVowels_eq,ROCKET,0.8243243243243243,,,,,,,,,
multiverse_results,JapaneseVowels_eq,STC,0.7891891891891892,,,,,,,,,
multiverse_results,JapaneseVowels_eq,TDE,0.7864864864864864,,,,,,,,,
multiverse_results,JapaneseVowels_eq,h-inceptiontime,0.9891891891891892,,,,,,,,,
multiverse_results,JapaneseVowels_eq,litetime-mv,0.9945945945945946,,,,,,,,,
multiverse_results,KERAAL-CTK,1NN-DTW,0.9285714285714286,,,,,,,,,
multiverse_results,KERAAL-CTK,Arsenal,0.8571428571428571,,,,,,,,,
multiverse_results,KERAAL-CTK,CIF-500,0.8571428571428571,,,,,,,,,
multiverse_results,KERAAL-CTK,Catch22,0.8571428571428571,,,,,,,,,
multiverse_results,KERAAL-CTK,DrCIF-500,0.8571428571428571,,,,,,,,,
multiverse_results,KERAAL-CTK,Dummy,0.5,,,,,,,,,
multiverse_results,KERAAL-CTK,FreshPRINCE,1.0,,,,,,,,,
multiverse_results,KERAAL-CTK,HC2,0.9285714285714286,,,,,,,,,
multiverse_results,KERAAL-CTK,MRHydra,0.9285714285714286,,,,,,,,,
multiverse_results,KERAAL-CTK,QUANT,0.8571428571428571,,,,,,,,,
multiverse_results,KERAAL-CTK,RDST,1.0,,,,,,,,,
multiverse_results,KERAAL-CTK,RIST,0.8571428571428571,,,,,,,,,
multiverse_results,KERAAL-CTK,ROCKET,0.8571428571428571,,,,,,,,,
multiverse_results,KERAAL-CTK,STC,0.8571428571428571,,,,,,,,,
multiverse_results,KERAAL-CTK,TDE,1.0,,,,,,,,,
multiverse_results,KERAAL-CTK,h-inceptiontime,1.0,,,,,,,,,
multiverse_results,KERAAL-CTK,litetime-mv,0.8571428571428571,,,,,,,,,
multiverse_results,KERAAL-RTK,1NN-DTW,0.6428571428571429,,,,,,,,,
multiverse_results,KERAAL-RTK,Arsenal,0.8571428571428571,,,,,,,,,
multiverse_results,KERAAL-RTK,CIF-500,0.7857142857142857,,,,,,,,,
multiverse_results,KERAAL-RTK,Catch22,0.7857142857142857,,,,,,,,,
multiverse_results,KERAAL-RTK,DrCIF-500,0.7857142857142857,,,,,,,,,
multiverse_results,KERAAL-RTK,Dummy,0.5714285714285714,,,,,,,,,
multiverse_results,KERAAL-RTK,FreshPRINCE,0.7857142857142857,,,,,,,,,
multiverse_results,KERAAL-RTK,HC2,0.9285714285714286,,,,,,,,,
multiverse_results,KERAAL-RTK,MRHydra,0.8571428571428571,,,,,,,,,
multiverse_results,KERAAL-RTK,QUANT,0.7142857142857143,,,,,,,,,
multiverse_results,KERAAL-RTK,RDST,0.5714285714285714,,,,,,,,,
multiverse_results,KERAAL-RTK,RIST,0.7142857142857143,,,,,,,,,
multiverse_results,KERAAL-RTK,ROCKET,0.9285714285714286,,,,,,,,,
multiverse_results,KERAAL-RTK,STC,0.7142857142857143,,,,,,,,,
multiverse_results,KERAAL-RTK,TDE,0.5714285714285714,,,,,,,,,
multiverse_results,KERAAL-RTK,h-inceptiontime,0.7142857142857143,,,,,,,,,
multiverse_results,KERAAL-RTK,litetime-mv,0.8571428571428571,,,,,,,,,
multiverse_results,KINECAL-3WFV,1NN-DTW,0.9166666666666666,,,,,,,,,
multiverse_results,KINECAL-3WFV,Arsenal,0.9166666666666666,,,,,,,,,
multiverse_results,KINECAL-3WFV,CIF-500,0.9166666666666666,,,,,,,,,
multiverse_results,KINECAL-3WFV,Catch22,0.9166666666666666,,,,,,,,,
multiverse_results,KINECAL-3WFV,DrCIF-500,0.9166666666666666,,,,,,,,,
multiverse_results,KINECAL-3WFV,Dummy,0.9166666666666666,,,,,,,,,
multiverse_results,KINECAL-3WFV,FreshPRINCE,0.9166666666666666,,,,,,,,,
multiverse_results,KINECAL-3WFV,HC2,0.9166666666666666,,,,,,,,,
multiverse_results,KINECAL-3WFV,MRHydra,0.9166666666666666,,,,,,,,,
multiverse_results,KINECAL-3WFV,QUANT,0.9166666666666666,,,,,,,,,
multiverse_results,KINECAL-3WFV,RDST,0.8333333333333334,,,,,,,,,
multiverse_results,KINECAL-3WFV,RIST,0.9166666666666666,,,,,,,,,
multiverse_results,KINECAL-3WFV,ROCKET,0.8333333333333334,,,,,,,,,
multiverse_results,KINECAL-3WFV,STC,0.8333333333333334,,,,,,,,,
multiverse_results,KINECAL-3WFV,TDE,0.9166666666666666,,,,,,,,,
multiverse_results,KINECAL-3WFV,h-inceptiontime,0.8333333333333334,,,,,,,,,
multiverse_results,KINECAL-3WFV,litetime-mv,1.0,,,,,,,,,
multiverse_results,KINECAL-GGFV,1NN-DTW,1.0,,,,,,,,,
multiverse_results,KINECAL-GGFV,Arsenal,0.9230769230769232,,,,,,,,,
multiverse_results,KINECAL-GGFV,CIF-500,0.9230769230769232,,,,,,,,,
multiverse_results,KINECAL-GGFV,Catch22,0.9230769230769232,,,,,,,,,
multiverse_results,KINECAL-GGFV,DrCIF-500,0.9230769230769232,,,,,,,,,
multiverse_results,KINECAL-GGFV,Dummy,0.9230769230769232,,,,,,,,,
multiverse_results,KINECAL-GGFV,FreshPRINCE,0.9230769230769232,,,,,,,,,
multiverse_results,KINECAL-GGFV,HC2,0.9230769230769232,,,,,,,,,
multiverse_results,KINECAL-GGFV,MRHydra,0.9230769230769232,,,,,,,,,
multiverse_results,KINECAL-GGFV,QUANT,0.9230769230769232,,,,,,,,,
multiverse_results,KINECAL-GGFV,RDST,0.9230769230769232,,,,,,,,,
multiverse_results,KINECAL-GGFV,RIST,0.9230769230769232,,,,,,,,,
multiverse_results,KINECAL-GGFV,ROCKET,0.9230769230769232,,,,,,,,,
multiverse_results,KINECAL-GGFV,STC,0.9230769230769232,,,,,,,,,
multiverse_results,KINECAL-GGFV,TDE,0.9230769230769232,,,,,,,,,
multiverse_results,KINECAL-GGFV,h-inceptiontime,1.0,,,,,,,,,
multiverse_results,KINECAL-GGFV,litetime-mv,0.9230769230769232,,,,,,,,,
multiverse_results,KINECAL-QSEC,1NN-DTW,0.8888888888888888,,,,,,,,,
multiverse_results,KINECAL-QSEC,Arsenal,0.9444444444444444,,,,,,,,,
multiverse_results,KINECAL-QSEC,CIF-500,0.9444444444444444,,,,,,,,,
multiverse_results,KINECAL-QSEC,Catch22,0.9444444444444444,,,,,,,,,
multiverse_results,KINECAL-QSEC,DrCIF-500,0.9444444444444444,,,,,,,,,
multiverse_results,KINECAL-QSEC,Dummy,0.9444444444444444,,,,,,,,,
multiverse_results,KINECAL-QSEC,FreshPRINCE,0.9444444444444444,,,,,,,,,
multiverse_results,KINECAL-QSEC,HC2,0.9444444444444444,,,,,,,,,
multiverse_results,KINECAL-QSEC,MRHydra,0.9444444444444444,,,,,,,,,
multiverse_results,KINECAL-QSEC,QUANT,0.9444444444444444,,,,,,,,,
multiverse_results,KINECAL-QSEC,RDST,0.9444444444444444,,,,,,,,,
multiverse_results,KINECAL-QSEC,RIST,0.9444444444444444,,,,,,,,,
multiverse_results,KINECAL-QSEC,ROCKET,0.9444444444444444,,,,,,,,,
multiverse_results,KINECAL-QSEC,STC,0.9444444444444444,,,,,,,,,
multiverse_results,KINECAL-QSEC,TDE,0.9444444444444444,,,,,,,,,
multiverse_results,KINECAL-QSEC,h-inceptiontime,0.8888888888888888,,,,,,,,,
multiverse_results,KINECAL-QSEC,litetime-mv,0.8888888888888888,,,,,,,,,
multiverse_results,KINECAL-QSEO,1NN-DTW,0.8823529411764706,,,,,,,,,
multiverse_results,KINECAL-QSEO,Arsenal,0.9411764705882352,,,,,,,,,
multiverse_results,KINECAL-QSEO,CIF-500,0.9411764705882352,,,,,,,,,
multiverse_results,KINECAL-QSEO,Catch22,0.9411764705882352,,,,,,,,,
multiverse_results,KINECAL-QSEO,DrCIF-500,0.9411764705882352,,,,,,,,,
multiverse_results,KINECAL-QSEO,Dummy,0.9411764705882352,,,,,,,,,
multiverse_results,KINECAL-QSEO,FreshPRINCE,0.8823529411764706,,,,,,,,,
multiverse_results,KINECAL-QSEO,HC2,0.9411764705882352,,,,,,,,,
multiverse_results,KINECAL-QSEO,MRHydra,0.9411764705882352,,,,,,,,,
multiverse_results,KINECAL-QSEO,QUANT,0.9411764705882352,,,,,,,,,
multiverse_results,KINECAL-QSEO,RDST,0.9411764705882352,,,,,,,,,
multiverse_results,KINECAL-QSEO,RIST,0.9411764705882352,,,,,,,,,
multiverse_results,KINECAL-QSEO,ROCKET,0.9411764705882352,,,,,,,,,
multiverse_results,KINECAL-QSEO,STC,0.9411764705882352,,,,,,,,,
multiverse_results,KINECAL-QSEO,TDE,0.9411764705882352,,,,,,,,,
multiverse_results,KINECAL-QSEO,h-inceptiontime,0.8235294117647058,,,,,,,,,
multiverse_results,KINECAL-QSEO,litetime-mv,0.8823529411764706,,,,,,,,,
multiverse_results,LSST,1NN-DTW,0.551094890510949,,,,,,,,,
multiverse_results,LSST,Arsenal,0.6577453365774534,,,,,,,,,
multiverse_results,LSST,CIF-500,0.6366585563665855,,,,,,,,,
multiverse_results,LSST,Catch22,0.6695052716950527,,,,,,,,,
multiverse_results,LSST,DrCIF-500,0.6354420113544201,,,,,,,,,
multiverse_results,LSST,Dummy,0.3150851581508516,,,,,,,,,
multiverse_results,LSST,FreshPRINCE,0.702757502027575,,,,,,,,,
multiverse_results,LSST,HC2,0.6739659367396593,,,,,,,,,
multiverse_results,LSST,MRHydra,0.6427412814274128,,,,,,,,,
multiverse_results,LSST,QUANT,0.6451743714517437,,,,,,,,,
multiverse_results,LSST,RDST,0.6492295214922952,,,,,,,,,
multiverse_results,LSST,RIST,0.6273317112733171,,,,,,,,,
multiverse_results,LSST,ROCKET,0.6362530413625304,,,,,,,,,
multiverse_results,LSST,STC,0.6131386861313869,,,,,,,,,
multiverse_results,LSST,TDE,0.5575831305758313,,,,,,,,,
multiverse_results,LSST,h-inceptiontime,0.2068126520681265,,,,,,,,,
multiverse_results,LSST,litetime-mv,0.3592862935928629,,,,,,,,,
multiverse_results,Libras,1NN-DTW,0.8722222222222222,,,,,,,,,
multiverse_results,Libras,Arsenal,0.9,,,,,,,,,
multiverse_results,Libras,CIF-500,0.9055555555555556,,,,,,,,,
multiverse_results,Libras,Catch22,0.8166666666666667,,,,,,,,,
multiverse_results,Libras,DrCIF-500,0.9111111111111112,,,,,,,,,
multiverse_results,Libras,Dummy,0.0666666666666666,,,,,,,,,
multiverse_results,Libras,FreshPRINCE,0.8888888888888888,,,,,,,,,
multiverse_results,Libras,HC2,0.9277777777777778,,,,,,,,,
multiverse_results,Libras,MRHydra,0.9333333333333332,,,,,,,,,
multiverse_results,Libras,QUANT,0.8777777777777778,,,,,,,,,
multiverse_results,Libras,RDST,0.9444444444444444,,,,,,,,,
multiverse_results,Libras,RIST,0.9777777777777776,,,,,,,,,
multiverse_results,Libras,ROCKET,0.9055555555555556,,,,,,,,,
multiverse_results,Libras,STC,0.9055555555555556,,,,,,,,,
multiverse_results,Libras,TDE,0.8722222222222222,,,,,,,,,
multiverse_results,Libras,h-inceptiontime,0.8888888888888888,,,,,,,,,
multiverse_results,Libras,litetime-mv,0.9166666666666666,,,,,,,,,
multiverse_results,LiveFuelMoistureContent_disc,1NN-DTW,0.7284768211920529,,,,,,,,,
multiverse_results,LiveFuelMoistureContent_disc,Arsenal,0.8298013245033112,,,,,,,,,
multiverse_results,LiveFuelMoistureContent_disc,CIF-500,0.8377483443708609,,,,,,,,,
multiverse_results,LiveFuelMoistureContent_disc,Catch22,0.8072847682119205,,,,,,,,,
multiverse_results,LiveFuelMoistureContent_disc,DrCIF-500,0.8370860927152318,,,,,,,,,
multiverse_results,LiveFuelMoistureContent_disc,Dummy,0.8410596026490066,,,,,,,,,
multiverse_results,LiveFuelMoistureContent_disc,FreshPRINCE,0.8344370860927153,,,,,,,,,
multiverse_results,LiveFuelMoistureContent_disc,HC2,0.8291390728476821,,,,,,,,,
multiverse_results,LiveFuelMoistureContent_disc,MRHydra,0.7609271523178808,,,,,,,,,
multiverse_results,LiveFuelMoistureContent_disc,QUANT,0.8198675496688742,,,,,,,,,
multiverse_results,LiveFuelMoistureContent_disc,RDST,0.8145695364238411,,,,,,,,,
multiverse_results,LiveFuelMoistureContent_disc,RIST,0.8245033112582781,,,,,,,,,
multiverse_results,LiveFuelMoistureContent_disc,ROCKET,0.7880794701986755,,,,,,,,,
multiverse_results,LiveFuelMoistureContent_disc,STC,0.7973509933774835,,,,,,,,,
multiverse_results,LiveFuelMoistureContent_disc,TDE,0.8278145695364238,,,,,,,,,
multiverse_results,LiveFuelMoistureContent_disc,h-inceptiontime,0.7821192052980133,,,,,,,,,
multiverse_results,LiveFuelMoistureContent_disc,litetime-mv,0.743046357615894,,,,,,,,,
multiverse_results,LowCost,1NN-DTW,0.5383333333333333,,,,,,,,,
multiverse_results,LowCost,Arsenal,0.6066666666666667,,,,,,,,,
multiverse_results,LowCost,CIF-500,0.7266666666666667,,,,,,,,,
multiverse_results,LowCost,Catch22,0.5516666666666666,,,,,,,,,
multiverse_results,LowCost,DrCIF-500,0.7266666666666667,,,,,,,,,
multiverse_results,LowCost,Dummy,0.5,,,,,,,,,
multiverse_results,LowCost,FreshPRINCE,0.6466666666666666,,,,,,,,,
multiverse_results,LowCost,HC2,0.6783333333333333,,,,,,,,,
multiverse_results,LowCost,MRHydra,0.585,,,,,,,,,
multiverse_results,LowCost,QUANT,0.6533333333333333,,,,,,,,,
multiverse_results,LowCost,RDST,0.6066666666666667,,,,,,,,,
multiverse_results,LowCost,RIST,0.65,,,,,,,,,
multiverse_results,LowCost,ROCKET,0.63,,,,,,,,,
multiverse_results,LowCost,STC,0.6616666666666666,,,,,,,,,
multiverse_results,LowCost,TDE,0.6483333333333333,,,,,,,,,
multiverse_results,LowCost,h-inceptiontime,0.575,,,,,,,,,
multiverse_results,LowCost,litetime-mv,0.5733333333333334,,,,,,,,,
multiverse_results,MindReading,1NN-DTW,0.4104134762633997,,,,,,,,,
multiverse_results,MindReading,Arsenal,0.4624808575803981,,,,,,,,,
multiverse_results,MindReading,CIF-500,0.5895865237366003,,,,,,,,,
multiverse_results,MindReading,Catch22,0.5482388973966309,,,,,,,,,
multiverse_results,MindReading,DrCIF-500,0.5666156202143952,,,,,,,,,
multiverse_results,MindReading,Dummy,0.231240428790199,,,,,,,,,
multiverse_results,MindReading,FreshPRINCE,0.5941807044410413,,,,,,,,,
multiverse_results,MindReading,HC2,0.6064318529862175,,,,,,,,,
multiverse_results,MindReading,MRHydra,0.5895865237366003,,,,,,,,,
multiverse_results,MindReading,QUANT,0.6033690658499234,,,,,,,,,
multiverse_results,MindReading,RDST,0.4915773353751914,,,,,,,,,
multiverse_results,MindReading,RIST,0.557427258805513,,,,,,,,,
multiverse_results,MindReading,ROCKET,0.4762633996937213,,,,,,,,,
multiverse_results,MindReading,STC,0.4594180704441041,,,,,,,,,
multiverse_results,MindReading,TDE,0.5267993874425727,,,,,,,,,
multiverse_results,MindReading,h-inceptiontime,0.4655436447166922,,,,,,,,,
multiverse_results,MindReading,litetime-mv,0.7197549770290965,,,,,,,,,
multiverse_results,MotionSenseHAR,1NN-DTW,0.9471698113207548,,,,,,,,,
multiverse_results,MotionSenseHAR,Arsenal,0.9924528301886792,,,,,,,,,
multiverse_results,MotionSenseHAR,CIF-500,0.9886792452830188,,,,,,,,,
multiverse_results,MotionSenseHAR,Catch22,0.9886792452830188,,,,,,,,,
multiverse_results,MotionSenseHAR,DrCIF-500,1.0,,,,,,,,,
multiverse_results,MotionSenseHAR,Dummy,0.2037735849056604,,,,,,,,,
multiverse_results,MotionSenseHAR,FreshPRINCE,0.9849056603773584,,,,,,,,,
multiverse_results,MotionSenseHAR,HC2,1.0,,,,,,,,,
multiverse_results,MotionSenseHAR,MRHydra,0.9962264150943396,,,,,,,,,
multiverse_results,MotionSenseHAR,QUANT,0.9886792452830188,,,,,,,,,
multiverse_results,MotionSenseHAR,RDST,0.9849056603773584,,,,,,,,,
multiverse_results,MotionSenseHAR,RIST,1.0,,,,,,,,,
multiverse_results,MotionSenseHAR,ROCKET,0.9773584905660376,,,,,,,,,
multiverse_results,MotionSenseHAR,STC,0.9773584905660376,,,,,,,,,
multiverse_results,MotionSenseHAR,TDE,1.0,,,,,,,,,
multiverse_results,MotionSenseHAR,h-inceptiontime,0.9660377358490566,,,,,,,,,
multiverse_results,MotionSenseHAR,litetime-mv,0.981132075471698,,,,,,,,,
multiverse_results,NATOPS,1NN-DTW,0.8833333333333333,,,,,,,,,
multiverse_results,NATOPS,Arsenal,0.8833333333333333,,,,,,,,,
multiverse_results,NATOPS,CIF-500,0.8722222222222222,,,,,,,,,
multiverse_results,NATOPS,Catch22,0.8722222222222222,,,,,,,,,
multiverse_results,NATOPS,DrCIF-500,0.8611111111111112,,,,,,,,,
multiverse_results,NATOPS,Dummy,0.1666666666666666,,,,,,,,,
multiverse_results,NATOPS,FreshPRINCE,0.9277777777777778,,,,,,,,,
multiverse_results,NATOPS,HC2,0.9222222222222224,,,,,,,,,
multiverse_results,NATOPS,MRHydra,0.9055555555555556,,,,,,,,,
multiverse_results,NATOPS,QUANT,0.8666666666666667,,,,,,,,,
multiverse_results,NATOPS,RDST,0.8833333333333333,,,,,,,,,
multiverse_results,NATOPS,RIST,0.8611111111111112,,,,,,,,,
multiverse_results,NATOPS,ROCKET,0.8722222222222222,,,,,,,,,
multiverse_results,NATOPS,STC,0.8722222222222222,,,,,,,,,
multiverse_results,NATOPS,TDE,0.8444444444444444,,,,,,,,,
multiverse_results,NATOPS,h-inceptiontime,0.9611111111111112,,,,,,,,,
multiverse_results,NATOPS,litetime-mv,0.9666666666666668,,,,,,,,,
multiverse_results,PEMS-SF,1NN-DTW,0.7109826589595376,,,,,,,,,
multiverse_results,PEMS-SF,Arsenal,0.8323699421965318,,,,,,,,,
multiverse_results,PEMS-SF,CIF-500,1.0,,,,,,,,,
multiverse_results,PEMS-SF,Catch22,0.9826589595375722,,,,,,,,,
multiverse_results,PEMS-SF,DrCIF-500,1.0,,,,,,,,,
multiverse_results,PEMS-SF,Dummy,0.1156069364161849,,,,,,,,,
multiverse_results,PEMS-SF,FreshPRINCE,0.9884393063583816,,,,,,,,,
multiverse_results,PEMS-SF,HC2,1.0,,,,,,,,,
multiverse_results,PEMS-SF,MRHydra,0.8265895953757225,,,,,,,,,
multiverse_results,PEMS-SF,QUANT,0.9884393063583816,,,,,,,,,
multiverse_results,PEMS-SF,RDST,0.9132947976878611,,,,,,,,,
multiverse_results,PEMS-SF,RIST,1.0,,,,,,,,,
multiverse_results,PEMS-SF,ROCKET,0.8439306358381503,,,,,,,,,
multiverse_results,PEMS-SF,STC,0.9884393063583816,,,,,,,,,
multiverse_results,PEMS-SF,TDE,1.0,,,,,,,,,
multiverse_results,PEMS-SF,h-inceptiontime,0.7976878612716763,,,,,,,,,
multiverse_results,PEMS-SF,litetime-mv,0.7283236994219653,,,,,,,,,
multiverse_results,PhotoStimulation,1NN-DTW,0.25,,,,,,,,,
multiverse_results,PhotoStimulation,Arsenal,0.5277777777777778,,,,,,,,,
multiverse_results,PhotoStimulation,CIF-500,0.3611111111111111,,,,,,,,,
multiverse_results,PhotoStimulation,Catch22,0.3333333333333333,,,,,,,,,
multiverse_results,PhotoStimulation,DrCIF-500,0.4166666666666667,,,,,,,,,
multiverse_results,PhotoStimulation,Dummy,0.4166666666666667,,,,,,,,,
multiverse_results,PhotoStimulation,FreshPRINCE,0.4166666666666667,,,,,,,,,
multiverse_results,PhotoStimulation,HC2,0.4444444444444444,,,,,,,,,
multiverse_results,PhotoStimulation,MRHydra,0.3888888888888889,,,,,,,,,
multiverse_results,PhotoStimulation,QUANT,0.3611111111111111,,,,,,,,,
multiverse_results,PhotoStimulation,RDST,0.3333333333333333,,,,,,,,,
multiverse_results,PhotoStimulation,RIST,0.4444444444444444,,,,,,,,,
multiverse_results,PhotoStimulation,ROCKET,0.5833333333333334,,,,,,,,,
multiverse_results,PhotoStimulation,STC,0.3888888888888889,,,,,,,,,
multiverse_results,PhotoStimulation,TDE,0.4166666666666667,,,,,,,,,
multiverse_results,PhotoStimulation,h-inceptiontime,0.25,,,,,,,,,
multiverse_results,PhotoStimulation,litetime-mv,0.1944444444444444,,,,,,,,,
multiverse_results,RacketSports,1NN-DTW,0.8026315789473685,,,,,,,,,
multiverse_results,RacketSports,Arsenal,0.9013157894736842,,,,,,,,,
multiverse_results,RacketSports,CIF-500,0.881578947368421,,,,,,,,,
multiverse_results,RacketSports,Catch22,0.8223684210526315,,,,,,,,,
multiverse_results,RacketSports,DrCIF-500,0.8881578947368421,,,,,,,,,
multiverse_results,RacketSports,Dummy,0.2828947368421052,,,,,,,,,
multiverse_results,RacketSports,FreshPRINCE,0.868421052631579,,,,,,,,,
multiverse_results,RacketSports,HC2,0.9013157894736842,,,,,,,,,
multiverse_results,RacketSports,MRHydra,0.8881578947368421,,,,,,,,,
multiverse_results,RacketSports,QUANT,0.9013157894736842,,,,,,,,,
multiverse_results,RacketSports,RDST,0.8881578947368421,,,,,,,,,
multiverse_results,RacketSports,RIST,0.875,,,,,,,,,
multiverse_results,RacketSports,ROCKET,0.9078947368421052,,,,,,,,,
multiverse_results,RacketSports,STC,0.8552631578947368,,,,,,,,,
multiverse_results,RacketSports,TDE,0.8355263157894737,,,,,,,,,
multiverse_results,RacketSports,h-inceptiontime,0.881578947368421,,,,,,,,,
multiverse_results,RacketSports,litetime-mv,0.881578947368421,,,,,,,,,
multiverse_results,SelfRegulationSCP1,1NN-DTW,0.7747440273037542,,,,,,,,,
multiverse_results,SelfRegulationSCP1,Arsenal,0.8532423208191127,,,,,,,,,
multiverse_results,SelfRegulationSCP1,CIF-500,0.8668941979522184,,,,,,,,,
multiverse_results,SelfRegulationSCP1,Catch22,0.7713310580204779,,,,,,,,,
multiverse_results,SelfRegulationSCP1,DrCIF-500,0.8839590443686007,,,,,,,,,
multiverse_results,SelfRegulationSCP1,Dummy,0.5017064846416383,,,,,,,,,
multiverse_results,SelfRegulationSCP1,FreshPRINCE,0.9146757679180888,,,,,,,,,
multiverse_results,SelfRegulationSCP1,HC2,0.8737201365187713,,,,,,,,,
multiverse_results,SelfRegulationSCP1,MRHydra,0.9488054607508531,,,,,,,,,
multiverse_results,SelfRegulationSCP1,QUANT,0.8122866894197952,,,,,,,,,
multiverse_results,SelfRegulationSCP1,RDST,0.8907849829351536,,,,,,,,,
multiverse_results,SelfRegulationSCP1,RIST,0.8498293515358362,,,,,,,,,
multiverse_results,SelfRegulationSCP1,ROCKET,0.8532423208191127,,,,,,,,,
multiverse_results,SelfRegulationSCP1,STC,0.8327645051194539,,,,,,,,,
multiverse_results,SelfRegulationSCP1,TDE,0.8327645051194539,,,,,,,,,
multiverse_results,SelfRegulationSCP1,h-inceptiontime,0.8191126279863481,,,,,,,,,
multiverse_results,SelfRegulationSCP1,litetime-mv,0.8054607508532423,,,,,,,,,
multiverse_results,SelfRegulationSCP2,1NN-DTW,0.5388888888888889,,,,,,,,,
multiverse_results,SelfRegulationSCP2,Arsenal,0.5444444444444444,,,,,,,,,
multiverse_results,SelfRegulationSCP2,CIF-500,0.5111111111111111,,,,,,,,,
multiverse_results,SelfRegulationSCP2,Catch22,0.55,,,,,,,,,
multiverse_results,SelfRegulationSCP2,DrCIF-500,0.55,,,,,,,,,
multiverse_results,SelfRegulationSCP2,Dummy,0.5,,,,,,,,,
multiverse_results,SelfRegulationSCP2,FreshPRINCE,0.5611111111111111,,,,,,,,,
multiverse_results,SelfRegulationSCP2,HC2,0.5555555555555556,,,,,,,,,
multiverse_results,SelfRegulationSCP2,MRHydra,0.5333333333333333,,,,,,,,,
multiverse_results,SelfRegulationSCP2,QUANT,0.5111111111111111,,,,,,,,,
multiverse_results,SelfRegulationSCP2,RDST,0.5222222222222223,,,,,,,,,
multiverse_results,SelfRegulationSCP2,RIST,0.5277777777777778,,,,,,,,,
multiverse_results,SelfRegulationSCP2,ROCKET,0.5277777777777778,,,,,,,,,
multiverse_results,SelfRegulationSCP2,STC,0.4888888888888889,,,,,,,,,
multiverse_results,SelfRegulationSCP2,TDE,0.5388888888888889,,,,,,,,,
multiverse_results,SelfRegulationSCP2,h-inceptiontime,0.5055555555555555,,,,,,,,,
multiverse_results,SelfRegulationSCP2,litetime-mv,0.5111111111111111,,,,,,,,,
multiverse_results,SpokenArabicDigits_eq,1NN-DTW,0.9722601182355616,,,,,,,,,
multiverse_results,SpokenArabicDigits_eq,Arsenal,0.9918144611186904,,,,,,,,,
multiverse_results,SpokenArabicDigits_eq,CIF-500,0.9763528876762164,,,,,,,,,
multiverse_results,SpokenArabicDigits_eq,Catch22,0.9631650750341064,,,,,,,,,
multiverse_results,SpokenArabicDigits_eq,DrCIF-500,0.9804456571168711,,,,,,,,,
multiverse_results,SpokenArabicDigits_eq,Dummy,0.1000454752160072,,,,,,,,,
multiverse_results,SpokenArabicDigits_eq,FreshPRINCE,0.9786266484765804,,,,,,,,,
multiverse_results,SpokenArabicDigits_eq,HC2,0.9872669395179628,,,,,,,,,
multiverse_results,SpokenArabicDigits_eq,MRHydra,0.988631195998181,,,,,,,,,
multiverse_results,SpokenArabicDigits_eq,QUANT,0.97362437471578,,,,,,,,,
multiverse_results,SpokenArabicDigits_eq,RDST,0.994088221919054,,,,,,,,,
multiverse_results,SpokenArabicDigits_eq,RIST,0.9768076398362892,,,,,,,,,
multiverse_results,SpokenArabicDigits_eq,ROCKET,0.9899954524783992,,,,,,,,,
multiverse_results,SpokenArabicDigits_eq,STC,0.9549795361527968,,,,,,,,,
multiverse_results,SpokenArabicDigits_eq,TDE,0.9254206457480671,,,,,,,,,
multiverse_results,SpokenArabicDigits_eq,h-inceptiontime,0.992269213278763,,,,,,,,,
multiverse_results,SpokenArabicDigits_eq,litetime-mv,0.9927239654388358,,,,,,,,,
multiverse_results,StandWalkJump,1NN-DTW,0.2,,,,,,,,,
multiverse_results,StandWalkJump,Arsenal,0.5333333333333333,,,,,,,,,
multiverse_results,StandWalkJump,CIF-500,0.4666666666666667,,,,,,,,,
multiverse_results,StandWalkJump,Catch22,0.4666666666666667,,,,,,,,,
multiverse_results,StandWalkJump,DrCIF-500,0.4,,,,,,,,,
multiverse_results,StandWalkJump,Dummy,0.3333333333333333,,,,,,,,,
multiverse_results,StandWalkJump,FreshPRINCE,0.4666666666666667,,,,,,,,,
multiverse_results,StandWalkJump,HC2,0.3333333333333333,,,,,,,,,
multiverse_results,StandWalkJump,MRHydra,0.6666666666666666,,,,,,,,,
multiverse_results,StandWalkJump,QUANT,0.4,,,,,,,,,
multiverse_results,StandWalkJump,RDST,0.5333333333333333,,,,,,,,,
multiverse_results,StandWalkJump,RIST,0.4666666666666667,,,,,,,,,
multiverse_results,StandWalkJump,ROCKET,0.4666666666666667,,,,,,,,,
multiverse_results,StandWalkJump,STC,0.3333333333333333,,,,,,,,,
multiverse_results,StandWalkJump,TDE,0.4,,,,,,,,,
multiverse_results,StandWalkJump,h-inceptiontime,0.3333333333333333,,,,,,,,,
multiverse_results,StandWalkJump,litetime-mv,0.4666666666666667,,,,,,,,,
multiverse_results,UCDHE-MP,1NN-DTW,0.5,,,,,,,,,
multiverse_results,UCDHE-MP,Arsenal,0.8480662983425414,,,,,,,,,
multiverse_results,UCDHE-MP,CIF-500,0.8342541436464088,,,,,,,,,
multiverse_results,UCDHE-MP,Catch22,0.7845303867403315,,,,,,,,,
multiverse_results,UCDHE-MP,DrCIF-500,0.8121546961325967,,,,,,,,,
multiverse_results,UCDHE-MP,Dummy,0.7237569060773481,,,,,,,,,
multiverse_results,UCDHE-MP,FreshPRINCE,0.8370165745856354,,,,,,,,,
multiverse_results,UCDHE-MP,HC2,0.8674033149171271,,,,,,,,,
multiverse_results,UCDHE-MP,MRHydra,0.8453038674033149,,,,,,,,,
multiverse_results,UCDHE-MP,QUANT,0.8397790055248618,,,,,,,,,
multiverse_results,UCDHE-MP,RDST,0.8867403314917127,,,,,,,,,
multiverse_results,UCDHE-MP,RIST,0.8370165745856354,,,,,,,,,
multiverse_results,UCDHE-MP,ROCKET,0.8591160220994475,,,,,,,,,
multiverse_results,UCDHE-MP,STC,0.8646408839779005,,,,,,,,,
multiverse_results,UCDHE-MP,TDE,0.8149171270718232,,,,,,,,,
multiverse_results,UCDHE-MP,h-inceptiontime,0.8176795580110497,,,,,,,,,
multiverse_results,UCDHE-MP,litetime-mv,0.8756906077348067,,,,,,,,,
multiverse_results,UCDHE-Rowing,1NN-DTW,0.6636363636363637,,,,,,,,,
multiverse_results,UCDHE-Rowing,Arsenal,0.8204545454545454,,,,,,,,,
multiverse_results,UCDHE-Rowing,CIF-500,0.8272727272727273,,,,,,,,,
multiverse_results,UCDHE-Rowing,Catch22,0.8090909090909091,,,,,,,,,
multiverse_results,UCDHE-Rowing,DrCIF-500,0.85,,,,,,,,,
multiverse_results,UCDHE-Rowing,Dummy,0.7954545454545454,,,,,,,,,
multiverse_results,UCDHE-Rowing,FreshPRINCE,0.825,,,,,,,,,
multiverse_results,UCDHE-Rowing,HC2,0.8227272727272728,,,,,,,,,
multiverse_results,UCDHE-Rowing,MRHydra,0.8318181818181818,,,,,,,,,
multiverse_results,UCDHE-Rowing,QUANT,0.8340909090909091,,,,,,,,,
multiverse_results,UCDHE-Rowing,RDST,0.8477272727272728,,,,,,,,,
multiverse_results,UCDHE-Rowing,RIST,0.8045454545454546,,,,,,,,,
multiverse_results,UCDHE-Rowing,ROCKET,0.8159090909090909,,,,,,,,,
multiverse_results,UCDHE-Rowing,STC,0.8113636363636364,,,,,,,,,
multiverse_results,UCDHE-Rowing,TDE,0.7818181818181819,,,,,,,,,
multiverse_results,UCDHE-Rowing,h-inceptiontime,0.7909090909090909,,,,,,,,,
multiverse_results,UCDHE-Rowing,litetime-mv,0.8113636363636364,,,,,,,,,
multiverse_results,UIPRMD-DS-C,1NN-DTW,0.75,,,,,,,,,
multiverse_results,UIPRMD-DS-C,Arsenal,0.8333333333333334,,,,,,,,,
multiverse_results,UIPRMD-DS-C,CIF-500,0.9166666666666666,,,,,,,,,
multiverse_results,UIPRMD-DS-C,Catch22,1.0,,,,,,,,,
multiverse_results,UIPRMD-DS-C,DrCIF-500,0.8333333333333334,,,,,,,,,
multiverse_results,UIPRMD-DS-C,Dummy,0.5,,,,,,,,,
multiverse_results,UIPRMD-DS-C,FreshPRINCE,0.9166666666666666,,,,,,,,,
multiverse_results,UIPRMD-DS-C,HC2,1.0,,,,,,,,,
multiverse_results,UIPRMD-DS-C,MRHydra,0.9444444444444444,,,,,,,,,
multiverse_results,UIPRMD-DS-C,QUANT,0.8333333333333334,,,,,,,,,
multiverse_results,UIPRMD-DS-C,RDST,0.6944444444444444,,,,,,,,,
multiverse_results,UIPRMD-DS-C,RIST,0.8333333333333334,,,,,,,,,
multiverse_results,UIPRMD-DS-C,ROCKET,0.8611111111111112,,,,,,,,,
multiverse_results,UIPRMD-DS-C,STC,0.9444444444444444,,,,,,,,,
multiverse_results,UIPRMD-DS-C,TDE,0.8888888888888888,,,,,,,,,
multiverse_results,UIPRMD-DS-C,h-inceptiontime,0.6666666666666666,,,,,,,,,
multiverse_results,UIPRMD-DS-C,litetime-mv,0.8611111111111112,,,,,,,,,
multiverse_results,UIPRMD-HS-C,1NN-DTW,0.7777777777777778,,,,,,,,,
multiverse_results,UIPRMD-HS-C,Arsenal,1.0,,,,,,,,,
multiverse_results,UIPRMD-HS-C,CIF-500,1.0,,,,,,,,,
multiverse_results,UIPRMD-HS-C,Catch22,1.0,,,,,,,,,
multiverse_results,UIPRMD-HS-C,DrCIF-500,1.0,,,,,,,,,
multiverse_results,UIPRMD-HS-C,Dummy,0.5,,,,,,,,,
multiverse_results,UIPRMD-HS-C,FreshPRINCE,1.0,,,,,,,,,
multiverse_results,UIPRMD-HS-C,HC2,1.0,,,,,,,,,
multiverse_results,UIPRMD-HS-C,MRHydra,1.0,,,,,,,,,
multiverse_results,UIPRMD-HS-C,QUANT,1.0,,,,,,,,,
multiverse_results,UIPRMD-HS-C,RDST,1.0,,,,,,,,,
multiverse_results,UIPRMD-HS-C,RIST,1.0,,,,,,,,,
multiverse_results,UIPRMD-HS-C,ROCKET,1.0,,,,,,,,,
multiverse_results,UIPRMD-HS-C,STC,1.0,,,,,,,,,
multiverse_results,UIPRMD-HS-C,TDE,1.0,,,,,,,,,
multiverse_results,UIPRMD-HS-C,h-inceptiontime,1.0,,,,,,,,,
multiverse_results,UIPRMD-HS-C,litetime-mv,1.0,,,,,,,,,
multiverse_results,UIPRMD-IL-C,1NN-DTW,0.5,,,,,,,,,
multiverse_results,UIPRMD-IL-C,Arsenal,0.7222222222222222,,,,,,,,,
multiverse_results,UIPRMD-IL-C,CIF-500,0.8888888888888888,,,,,,,,,
multiverse_results,UIPRMD-IL-C,Catch22,0.9444444444444444,,,,,,,,,
multiverse_results,UIPRMD-IL-C,DrCIF-500,0.5,,,,,,,,,
multiverse_results,UIPRMD-IL-C,Dummy,0.5,,,,,,,,,
multiverse_results,UIPRMD-IL-C,FreshPRINCE,0.8888888888888888,,,,,,,,,
multiverse_results,UIPRMD-IL-C,HC2,0.7222222222222222,,,,,,,,,
multiverse_results,UIPRMD-IL-C,MRHydra,0.8888888888888888,,,,,,,,,
multiverse_results,UIPRMD-IL-C,QUANT,0.8888888888888888,,,,,,,,,
multiverse_results,UIPRMD-IL-C,RDST,0.6666666666666666,,,,,,,,,
multiverse_results,UIPRMD-IL-C,RIST,0.4444444444444444,,,,,,,,,
multiverse_results,UIPRMD-IL-C,ROCKET,0.7777777777777778,,,,,,,,,
multiverse_results,UIPRMD-IL-C,STC,0.7222222222222222,,,,,,,,,
multiverse_results,UIPRMD-IL-C,TDE,0.6111111111111112,,,,,,,,,
multiverse_results,UIPRMD-IL-C,h-inceptiontime,0.5,,,,,,,,,
multiverse_results,UIPRMD-IL-C,litetime-mv,0.5,,,,,,,,,
multiverse_results,UIPRMD-SASLR-C,1NN-DTW,1.0,,,,,,,,,
multiverse_results,UIPRMD-SASLR-C,Arsenal,1.0,,,,,,,,,
multiverse_results,UIPRMD-SASLR-C,CIF-500,0.95,,,,,,,,,
multiverse_results,UIPRMD-SASLR-C,Catch22,0.85,,,,,,,,,
multiverse_results,UIPRMD-SASLR-C,DrCIF-500,0.7,,,,,,,,,
multiverse_results,UIPRMD-SASLR-C,Dummy,0.5,,,,,,,,,
multiverse_results,UIPRMD-SASLR-C,FreshPRINCE,1.0,,,,,,,,,
multiverse_results,UIPRMD-SASLR-C,HC2,1.0,,,,,,,,,
multiverse_results,UIPRMD-SASLR-C,MRHydra,0.6,,,,,,,,,
multiverse_results,UIPRMD-SASLR-C,QUANT,0.95,,,,,,,,,
multiverse_results,UIPRMD-SASLR-C,RDST,0.95,,,,,,,,,
multiverse_results,UIPRMD-SASLR-C,RIST,1.0,,,,,,,,,
multiverse_results,UIPRMD-SASLR-C,ROCKET,1.0,,,,,,,,,
multiverse_results,UIPRMD-SASLR-C,STC,1.0,,,,,,,,,
multiverse_results,UIPRMD-SASLR-C,TDE,0.95,,,,,,,,,
multiverse_results,UIPRMD-SASLR-C,h-inceptiontime,0.95,,,,,,,,,
multiverse_results,UIPRMD-SASLR-C,litetime-mv,0.9,,,,,,,,,
multiverse_results,UIPRMD-SL-C,1NN-DTW,0.7777777777777778,,,,,,,,,
multiverse_results,UIPRMD-SL-C,Arsenal,1.0,,,,,,,,,
multiverse_results,UIPRMD-SL-C,CIF-500,0.8888888888888888,,,,,,,,,
multiverse_results,UIPRMD-SL-C,Catch22,0.8333333333333334,,,,,,,,,
multiverse_results,UIPRMD-SL-C,DrCIF-500,0.8333333333333334,,,,,,,,,
multiverse_results,UIPRMD-SL-C,Dummy,0.5,,,,,,,,,
multiverse_results,UIPRMD-SL-C,FreshPRINCE,0.7222222222222222,,,,,,,,,
multiverse_results,UIPRMD-SL-C,HC2,1.0,,,,,,,,,
multiverse_results,UIPRMD-SL-C,MRHydra,0.9444444444444444,,,,,,,,,
multiverse_results,UIPRMD-SL-C,QUANT,0.8888888888888888,,,,,,,,,
multiverse_results,UIPRMD-SL-C,RDST,1.0,,,,,,,,,
multiverse_results,UIPRMD-SL-C,RIST,0.9444444444444444,,,,,,,,,
multiverse_results,UIPRMD-SL-C,ROCKET,1.0,,,,,,,,,
multiverse_results,UIPRMD-SL-C,STC,1.0,,,,,,,,,
multiverse_results,UIPRMD-SL-C,TDE,0.7777777777777778,,,,,,,,,
multiverse_results,UIPRMD-SL-C,h-inceptiontime,0.5,,,,,,,,,
multiverse_results,UIPRMD-SL-C,litetime-mv,0.5,,,,,,,,,
multiverse_results,UIPRMD-SSA-C,1NN-DTW,1.0,,,,,,,,,
multiverse_results,UIPRMD-SSA-C,Arsenal,1.0,,,,,,,,,
multiverse_results,UIPRMD-SSA-C,CIF-500,0.9444444444444444,,,,,,,,,
multiverse_results,UIPRMD-SSA-C,Catch22,0.9444444444444444,,,,,,,,,
multiverse_results,UIPRMD-SSA-C,DrCIF-500,0.9444444444444444,,,,,,,,,
multiverse_results,UIPRMD-SSA-C,Dummy,0.5,,,,,,,,,
multiverse_results,UIPRMD-SSA-C,FreshPRINCE,1.0,,,,,,,,,
multiverse_results,UIPRMD-SSA-C,HC2,1.0,,,,,,,,,
multiverse_results,UIPRMD-SSA-C,MRHydra,1.0,,,,,,,,,
multiverse_results,UIPRMD-SSA-C,QUANT,0.9444444444444444,,,,,,,,,
multiverse_results,UIPRMD-SSA-C,RDST,0.8888888888888888,,,,,,,,,
multiverse_results,UIPRMD-SSA-C,RIST,0.9444444444444444,,,,,,,,,
multiverse_results,UIPRMD-SSA-C,ROCKET,1.0,,,,,,,,,
multiverse_results,UIPRMD-SSA-C,STC,0.9444444444444444,,,,,,,,,
multiverse_results,UIPRMD-SSA-C,TDE,1.0,,,,,,,,,
multiverse_results,UIPRMD-SSA-C,h-inceptiontime,1.0,,,,,,,,,
multiverse_results,UIPRMD-SSA-C,litetime-mv,1.0,,,,,,,,,
multiverse_results,UIPRMD-SSE-C,1NN-DTW,0.6666666666666666,,,,,,,,,
multiverse_results,UIPRMD-SSE-C,Arsenal,0.9444444444444444,,,,,,,,,
multiverse_results,UIPRMD-SSE-C,CIF-500,0.8888888888888888,,,,,,,,,
multiverse_results,UIPRMD-SSE-C,Catch22,0.9444444444444444,,,,,,,,,
multiverse_results,UIPRMD-SSE-C,DrCIF-500,0.8333333333333334,,,,,,,,,
multiverse_results,UIPRMD-SSE-C,Dummy,0.5,,,,,,,,,
multiverse_results,UIPRMD-SSE-C,FreshPRINCE,1.0,,,,,,,,,
multiverse_results,UIPRMD-SSE-C,HC2,0.9444444444444444,,,,,,,,,
multiverse_results,UIPRMD-SSE-C,MRHydra,0.8888888888888888,,,,,,,,,
multiverse_results,UIPRMD-SSE-C,QUANT,1.0,,,,,,,,,
multiverse_results,UIPRMD-SSE-C,RDST,0.9444444444444444,,,,,,,,,
multiverse_results,UIPRMD-SSE-C,RIST,0.8333333333333334,,,,,,,,,
multiverse_results,UIPRMD-SSE-C,ROCKET,0.9444444444444444,,,,,,,,,
multiverse_results,UIPRMD-SSE-C,STC,0.9444444444444444,,,,,,,,,
multiverse_results,UIPRMD-SSE-C,TDE,0.8333333333333334,,,,,,,,,
multiverse_results,UIPRMD-SSE-C,h-inceptiontime,0.6666666666666666,,,,,,,,,
multiverse_results,UIPRMD-SSE-C,litetime-mv,0.7777777777777778,,,,,,,,,
multiverse_results,UIPRMD-SSIER-C,1NN-DTW,0.65,,,,,,,,,
multiverse_results,UIPRMD-SSIER-C,Arsenal,0.9,,,,,,,,,
multiverse_results,UIPRMD-SSIER-C,CIF-500,0.8,,,,,,,,,
multiverse_results,UIPRMD-SSIER-C,Catch22,0.75,,,,,,,,,
multiverse_results,UIPRMD-SSIER-C,DrCIF-500,0.85,,,,,,,,,
multiverse_results,UIPRMD-SSIER-C,Dummy,0.5,,,,,,,,,
multiverse_results,UIPRMD-SSIER-C,FreshPRINCE,0.7,,,,,,,,,
multiverse_results,UIPRMD-SSIER-C,HC2,0.85,,,,,,,,,
multiverse_results,UIPRMD-SSIER-C,MRHydra,0.85,,,,,,,,,
multiverse_results,UIPRMD-SSIER-C,QUANT,0.8,,,,,,,,,
multiverse_results,UIPRMD-SSIER-C,RDST,0.9,,,,,,,,,
multiverse_results,UIPRMD-SSIER-C,RIST,0.85,,,,,,,,,
multiverse_results,UIPRMD-SSIER-C,ROCKET,0.9,,,,,,,,,
multiverse_results,UIPRMD-SSIER-C,STC,0.8,,,,,,,,,
multiverse_results,UIPRMD-SSIER-C,TDE,0.9,,,,,,,,,
multiverse_results,UIPRMD-SSIER-C,h-inceptiontime,0.45,,,,,,,,,
multiverse_results,UIPRMD-SSIER-C,litetime-mv,0.5,,,,,,,,,
multiverse_results,UIPRMD-SSS-C,1NN-DTW,0.8888888888888888,,,,,,,,,
multiverse_results,UIPRMD-SSS-C,Arsenal,0.9444444444444444,,,,,,,,,
multiverse_results,UIPRMD-SSS-C,CIF-500,1.0,,,,,,,,,
multiverse_results,UIPRMD-SSS-C,Catch22,1.0,,,,,,,,,
multiverse_results,UIPRMD-SSS-C,DrCIF-500,1.0,,,,,,,,,
multiverse_results,UIPRMD-SSS-C,Dummy,0.5,,,,,,,,,
multiverse_results,UIPRMD-SSS-C,FreshPRINCE,0.8333333333333334,,,,,,,,,
multiverse_results,UIPRMD-SSS-C,HC2,0.9444444444444444,,,,,,,,,
multiverse_results,UIPRMD-SSS-C,MRHydra,1.0,,,,,,,,,
multiverse_results,UIPRMD-SSS-C,QUANT,0.9444444444444444,,,,,,,,,
multiverse_results,UIPRMD-SSS-C,RDST,0.9444444444444444,,,,,,,,,
multiverse_results,UIPRMD-SSS-C,RIST,1.0,,,,,,,,,
multiverse_results,UIPRMD-SSS-C,ROCKET,0.9444444444444444,,,,,,,,,
multiverse_results,UIPRMD-SSS-C,STC,0.8333333333333334,,,,,,,,,
multiverse_results,UIPRMD-SSS-C,TDE,0.8333333333333334,,,,,,,,,
multiverse_results,UIPRMD-SSS-C,h-inceptiontime,1.0,,,,,,,,,
multiverse_results,UIPRMD-SSS-C,litetime-mv,1.0,,,,,,,,,
multiverse_results,UIPRMD-STS-C,1NN-DTW,0.8055555555555556,,,,,,,,,
multiverse_results,UIPRMD-STS-C,Arsenal,1.0,,,,,,,,,
multiverse_results,UIPRMD-STS-C,CIF-500,0.9444444444444444,,,,,,,,,
multiverse_results,UIPRMD-STS-C,Catch22,0.9444444444444444,,,,,,,,,
multiverse_results,UIPRMD-STS-C,DrCIF-500,0.9444444444444444,,,,,,,,,
multiverse_results,UIPRMD-STS-C,Dummy,0.5,,,,,,,,,
multiverse_results,UIPRMD-STS-C,FreshPRINCE,0.9722222222222222,,,,,,,,,
multiverse_results,UIPRMD-STS-C,HC2,0.9722222222222222,,,,,,,,,
multiverse_results,UIPRMD-STS-C,MRHydra,0.9722222222222222,,,,,,,,,
multiverse_results,UIPRMD-STS-C,QUANT,0.9444444444444444,,,,,,,,,
multiverse_results,UIPRMD-STS-C,RDST,0.9166666666666666,,,,,,,,,
multiverse_results,UIPRMD-STS-C,RIST,0.9444444444444444,,,,,,,,,
multiverse_results,UIPRMD-STS-C,ROCKET,1.0,,,,,,,,,
multiverse_results,UIPRMD-STS-C,STC,0.9722222222222222,,,,,,,,,
multiverse_results,UIPRMD-STS-C,TDE,0.9166666666666666,,,,,,,,,
multiverse_results,UIPRMD-STS-C,h-inceptiontime,0.6944444444444444,,,,,,,,,
multiverse_results,UIPRMD-STS-C,litetime-mv,0.6944444444444444,,,,,,,,,
multiverse_results,UWaveGestureLibrary,1NN-DTW,0.903125,,,,,,,,,
multiverse_results,UWaveGestureLibrary,Arsenal,0.9375,,,,,,,,,
multiverse_results,UWaveGestureLibrary,CIF-500,0.921875,,,,,,,,,
multiverse_results,UWaveGestureLibrary,Catch22,0.871875,,,,,,,,,
multiverse_results,UWaveGestureLibrary,DrCIF-500,0.915625,,,,,,,,,
multiverse_results,UWaveGestureLibrary,Dummy,0.125,,,,,,,,,
multiverse_results,UWaveGestureLibrary,FreshPRINCE,0.853125,,,,,,,,,
multiverse_results,UWaveGestureLibrary,HC2,0.940625,,,,,,,,,
multiverse_results,UWaveGestureLibrary,MRHydra,0.93125,,,,,,,,,
multiverse_results,UWaveGestureLibrary,QUANT,0.89375,,,,,,,,,
multiverse_results,UWaveGestureLibrary,RDST,0.9375,,,,,,,,,
multiverse_results,UWaveGestureLibrary,RIST,0.928125,,,,,,,,,
multiverse_results,UWaveGestureLibrary,ROCKET,0.940625,,,,,,,,,
multiverse_results,UWaveGestureLibrary,STC,0.89375,,,,,,,,,
multiverse_results,UWaveGestureLibrary,TDE,0.91875,,,,,,,,,
multiverse_results,UWaveGestureLibrary,h-inceptiontime,0.909375,,,,,,,,,
multiverse_results,UWaveGestureLibrary,litetime-mv,0.915625,,,,,,,,,
this_work,AppliancesEnergy_disc,Masht,0.9047619047619048,0.75,0.9227941176470588,0.3842762860835044,0.8915343915343915,61.72654992341995,0.1597241032868623,0.0701376348733902,52.00408651307225,9.49182686023414
this_work,ArticularyWordRecognition,Masht,0.99,0.99,0.999699074074074,0.0854001302686308,0.9899826086956522,57.8131373282522,0.5298449108377099,0.1342632099986076,47.14344683755189,10.000624602660537
this_work,AsphaltObstaclesCoordinates_eq,Masht,0.8235294117647058,0.8249456037229521,0.9626207833592711,0.4462466057569761,0.8231255338877923,69.5851918477565,1.5505773779004812,0.1896823812276125,55.1483718380332,12.69106351584196
this_work,AsphaltPavementTypeCoordinates_eq,Masht,0.9507575757575758,0.9470718211527036,0.9941649527181984,0.1333082595917497,0.9508600785829904,9.562445376999676,0.6898497669026256,0.1203631581738591,1.7719592992216349,6.977368641644716
this_work,AsphaltRegularityCoordinates_eq,Masht,0.9946737683089214,0.994750656167979,0.9998510321344968,0.0168105229708826,0.9946740327542772,7.008138883858919,0.5080493418499827,0.0954956971108913,1.7381059397011995,4.664448267780244
this_work,AtrialFibrillation,Masht,0.0,0.0,0.24,1.2442691922544085,0.0,60.649601336568594,0.1390489265322685,0.0582524184137582,51.27584953792393,9.1762890573591
this_work,BasicMotions,Masht,1.0,1.0,1.0,0.0040222251593157,1.0,51.900944055989385,0.0883530266582965,0.0341083901003003,44.35146864876151,7.426509355194867
this_work,BenzeneConcentration_disc_nmv,Masht,0.8376912647685454,0.7951128906895024,0.8945435027333497,0.4006935833754422,0.834896310963633,15.986457776278256,2.403911381959915,0.3517640139907598,2.2608656268566847,10.955067738890648
this_work,Blink,Masht,0.8622222222222222,0.8674999999999999,0.96584,0.2445551441750531,0.8626423429607336,63.24522018339485,3.859942952170968,0.350039673037827,49.18070938717574,9.848734426312149
this_work,BoneIntensitiesAgeGroup,Masht,0.7932584269662921,0.8340280695669958,0.931386101772498,0.4734230744032491,0.7897694928692894,10.286164838820696,0.3657418638467788,0.0685115046799182,2.080590600147844,7.770251102745533
this_work,BoneProbAgeGroup,Masht,0.6134831460674157,0.6629195373167841,0.8169486603097973,0.7886224750629233,0.6152410314115399,7.377338071353733,0.9500108826905488,0.0822538062930107,1.8559567434713244,4.487557327374816
this_work,ButtonPress,Masht,1.0,1.0,1.0,0.0036858486008416,1.0,65.52720315940678,2.112839836627245,0.4057313408702612,53.13195867650211,9.875359455123544
this_work,CharacterTrajectories_eq,Masht,0.9860724233983288,0.9849724169720052,0.9998907041849352,0.0612949756389515,0.9860595610651453,11.045390419662,0.3527803085744381,0.085864232853055,2.1711497772485018,8.431273262947798
this_work,CounterMovementJump_eq,Masht,0.8938547486033519,0.8935969868173258,0.9882531233439128,0.2983034940368767,0.89584585175701,79.96164612472057,14.173339935019612,0.9732379000633956,51.87885708361864,12.93323142454028
this_work,Cricket,Masht,0.9861111111111112,0.9861111111111112,0.9997895622895624,0.0421432403452677,0.986013986013986,54.80043870024383,1.0167247373610735,0.1940049668774008,45.7784857172519,7.810013061389327
this_work,DuckDuckGeese,Masht,0.52,0.52,0.8500000000000001,1.0941606187409338,0.5144257703081232,65.91130703501403,0.2515770178288221,4.84809834882617,51.69246566668153,9.118324002251027
this_work,ERing,Masht,0.9703703703703704,0.9703703703703704,0.9996213991769548,0.1251357032824135,0.97027521592739,70.52564016822726,0.1706037120893597,0.0408058809116482,60.83472996018827,9.476786950603127
this_work,EmoPain,Masht,0.8647887323943662,0.6653773755189397,0.9384916676912533,0.3742948597484269,0.8740657355730962,6.730258854106069,0.2758766002953052,0.0952965142205357,1.7351118242368102,4.622598849236965
this_work,Epilepsy,Masht,1.0,1.0,1.0,0.0099376823392993,1.0,58.54267212934792,2.4198505003005266,0.0764292124658823,48.35448408313096,7.689776070415974
this_work,EthanolConcentration,Masht,0.5665399239543726,0.5667832167832167,0.8077541071881466,1.109164052148731,0.5392113683964334,75.48178227618337,7.935001701116562,0.4950449950993061,54.65605778433383,12.392852053046228
this_work,EyesOpenShut,Masht,0.5,0.5,0.4331065759637188,0.7185506124028607,0.3333333333333333,61.69288871064782,0.1240075789391994,0.0499902218580246,52.57264506071806,8.945562863722444
this_work,FingerMovements,Masht,0.56,0.5618247298919568,0.5586234493797518,0.6909532882376374,0.5564573268921095,70.2804188914597,0.1853817552328109,0.0634928531944751,57.411114647984505,12.6179601829499
this_work,HandMovementDirection,Masht,0.2837837837837837,0.2607142857142857,0.5421270819575904,1.380714555709026,0.2906338411350676,56.32805282529444,0.4845882812514901,0.1175382426008582,47.91783159226179,7.80650226213038
this_work,Handwriting,Masht,0.3564705882352941,0.3558722546977219,0.8900047420602395,2.4536516685078054,0.3070869149030824,6.524297531694174,0.3497061468660831,0.0436577294021844,1.8328723022714255,4.296499400399625
this_work,Heartbeat,Masht,0.7951219512195122,0.6801209103840682,0.7564011379800853,0.5077680844903022,0.7754878048780489,58.388306678272784,1.8441708581522107,0.3849335415288806,46.2826406462118,9.874603033065796
this_work,HouseholdPowerConsumption1_disc_nmv,Masht,0.9081632653061223,0.7834631147943019,0.9720741174285248,0.2087856469506911,0.904202826295124,9.336426665075123,3.117271896451712,0.1968477331101894,1.6030011428520083,4.417751190252602
this_work,HouseholdPowerConsumption2_disc_nmv,Masht,0.8002915451895044,0.6458973294589733,0.8761740933163984,0.4308796653233747,0.7868369997629789,10.453053332865238,1.904628932476044,0.2136246375739574,2.134432913735509,6.19909786991775
this_work,IEEEPPG_disc,Masht,0.3704819277108434,0.433687750101166,0.7497653133351725,1.255122184394952,0.2973500896717952,10.38968067150563,1.8058787072077396,0.2890164274722338,1.6913568070158362,6.600691581144929
this_work,IRDS-EFL,Masht,0.8846153846153846,0.875,0.988095238095238,0.3233013337525675,0.8819567529244948,68.63376876711845,0.1552715767174959,0.0621770452708005,58.29904815554619,10.115684544667602
this_work,IRDS-EFR,Masht,0.6666666666666666,0.5,0.44,0.9814029029196444,0.5333333333333333,69.14217087626457,0.1756673064082861,0.078917970880866,58.85966077633202,10.026305196806788
this_work,IRDS-SAL,Masht,0.2678571428571428,0.3928571428571429,0.4693877551020408,1.9033259331407035,0.2460825071953949,57.24353637825698,0.1559086591005325,0.1017635092139244,49.21710078138858,7.766644477844238
this_work,IRDS-SAR,Masht,0.5454545454545454,0.7413793103448276,0.9310344827586208,0.957691962308505,0.6143947053957165,58.91997633315623,0.1436825226992368,0.0795228099450469,50.876744476147,7.8182286992669106
this_work,IRDS-SFE,Masht,1.0,1.0,1.0,0.2487384444284036,1.0,57.80547718890011,0.4934505866840482,0.1191246770322322,49.42658799700439,7.764539253897965
this_work,IRDS-SFL,Masht,0.8189655172413793,0.8242753623188406,0.9402173913043478,0.3304586313085832,0.8313746491723939,60.11794154532254,0.2987273102626204,0.1356199160218238,49.715234976261854,9.965754030272365
this_work,IRDS-SFR,Masht,0.5333333333333333,0.3076923076923077,0.3461538461538461,0.8556744485939695,0.6028985507246376,69.101731415838,0.3159262519329786,0.1066247597336769,58.5980969555676,10.079419108107686
this_work,IRDS-STL,Masht,0.6578947368421053,0.5168350168350169,0.4074074074074074,0.8073743542673498,0.622081125045915,69.19654156453907,0.1585472617298364,0.0646743476390838,58.8312237393111,10.14045039191842
this_work,IRDS-STR,Masht,0.9,0.6727272727272727,0.8400000000000001,0.3471158851176446,0.9,58.99972609058023,0.1437121052294969,0.0591835714876651,51.01375850941986,7.780914687551558
this_work,JapaneseVowels_eq,Masht,0.981081081081081,0.9795682311755728,0.9998039422555612,0.127314199104807,0.981120869708448,61.11161517444998,0.1641671815887093,0.0417231377214193,50.87075355835259,10.02902272157371
this_work,KERAAL-CTK,Masht,0.9285714285714286,0.9285714285714286,0.979591836734694,0.3485753058437182,0.9282051282051282,59.85126357804984,2.9545358112081885,0.2155924458056688,48.90760734584183,7.771925984881818
this_work,KERAAL-RTK,Masht,0.8571428571428571,0.8333333333333333,0.9791666666666666,0.3838082252002594,0.8507936507936508,59.27199511509389,1.8353881975635888,0.1894019693136215,49.47593664843589,7.769682965241373
this_work,KINECAL-3WFV,Masht,0.9166666666666666,0.5,0.8181818181818181,0.2578179667873035,0.8768115942028986,68.0804638210684,0.2929775980301201,0.0752269360236823,60.3247471828945,7.387037242297083
this_work,KINECAL-GGFV,Masht,0.9230769230769232,0.5,0.8333333333333334,0.2394287245747939,0.8861538461538461,62.01179077476263,0.1628639884293079,0.0856463238596916,52.330598313361406,9.432361824437976
this_work,KINECAL-QSEC,Masht,0.9444444444444444,0.5,0.6470588235294117,0.221398445464646,0.9174603174603172,52.34588362183422,0.6283698072656989,0.1842403821647167,44.32764893770218,7.205286277458072
this_work,KINECAL-QSEO,Masht,0.9411764705882352,0.5,0.8125,0.1843535469239859,0.912655971479501,52.23443520721048,0.2490781536325812,0.1819516140967607,44.5800940785557,7.222895551472902
this_work,LSST,Masht,0.6841038118410381,0.5150866471496188,0.9191094005800572,0.982992268132586,0.6341997282444529,10.02002443280071,0.3295874120667577,0.0735481632873416,1.780198480002582,7.829166294075549
this_work,Libras,Masht,0.9555555555555556,0.9555555555555556,0.9992724867724866,0.1574640296373268,0.9553808317286578,59.29029383091256,0.6752024977467954,0.0542157436721026,48.73917470220477,9.81812954414636
this_work,LiveFuelMoistureContent_disc,Masht,0.8410596026490066,0.5,0.4989698162729659,0.4727600209161828,0.7684501405498118,11.214993917383254,1.3019876051694157,0.2580271484330296,1.9068089500069616,7.740969739854336
this_work,LowCost,Masht,0.5066666666666667,0.5066666666666666,0.5271222222222223,0.6928596981220673,0.475617389661159,8.849482398480177,0.483758345246315,0.1033793371170759,2.062500149011612,6.198824647814035
this_work,MindReading,Masht,0.4900459418070444,0.4727819244253993,0.8579519571390556,1.0008033597507124,0.4542617400743206,6.936463269405067,0.3745742756873369,0.3026780160143971,1.7890447182580829,4.4689255664125085
this_work,MotionSenseHAR,Masht,1.0,1.0,1.0,0.0275831253078794,1.0,9.711087396368384,1.276118507608771,0.2034763600677251,2.0291442796587944,6.201178345829248
this_work,NATOPS,Masht,0.8888888888888888,0.8888888888888888,0.979,0.2539645670194129,0.8868778280542986,60.34492796193808,1.3551917131990194,0.0629971958696842,49.06514676101506,9.858677209354935
this_work,PEMS-SF,Masht,0.9190751445086706,0.9168983351592048,0.9891396480818698,0.3690822719933554,0.9209986986044932,59.17453063745052,0.5039579467847943,1.1148721659556031,47.74889636598528,9.804623382166028
this_work,PhotoStimulation,Masht,0.3055555555555556,0.2777777777777777,0.4867458667458667,1.1496821268123452,0.2680311890838207,71.15148190781474,6.038585910573602,3.5842629242688417,52.116270342841744,9.411973545327784
this_work,RacketSports,Masht,0.875,0.884281561461794,0.9703865652523112,0.3418204904031701,0.8738222137622537,56.49640094302595,0.1090337010100483,0.0271683717146515,48.6156855141744,7.741871114820242
this_work,SelfRegulationSCP1,Masht,0.9146757679180888,0.9149426894045288,0.9878389712049204,0.2444511180354746,0.9141700095694276,60.01885213004425,2.559239633847028,0.4259846806526184,47.19536888971925,9.83434413606301
this_work,SelfRegulationSCP2,Masht,0.5388888888888889,0.5388888888888889,0.592962962962963,0.6884011864931311,0.5388746566252045,59.961439058184624,3.2884961226955056,0.4249702524393797,46.55464565195143,9.690716209821405
this_work,SpokenArabicDigits_eq,Masht,0.980900409276944,0.9809049398090494,0.9997130649558108,0.1189733766408681,0.9809923267781052,12.842875087633727,0.9318205416202544,0.155799901112914,2.385215754620731,9.352750505320728
this_work,StandWalkJump,Masht,0.7333333333333333,0.7333333333333334,0.82,0.919219525485392,0.7333333333333333,53.38016363885254,0.303713409230113,0.1665626466274261,45.85252763424069,7.057220505550504
this_work,UCDHE-MP,Masht,0.8287292817679558,0.770381679389313,0.8687786259541984,0.3908679274189475,0.825825816014367,7.760408542118967,1.1520652957260609,0.1003559818491339,1.9734961306676269,4.5320582035928965
this_work,UCDHE-Rowing,Masht,0.8045454545454546,0.6336507936507936,0.8120634920634922,0.4155035905805221,0.7876874639169721,11.811420667916536,0.4400914274156093,0.1025656349956989,2.2318098042160277,9.034474959596992
this_work,UIPRMD-DS-C,Masht,0.9444444444444444,0.9444444444444444,1.0,0.2162467743599493,0.9442724458204332,57.5125879291445,0.126013065688312,0.0690917074680328,49.55805884674192,7.758168053813279
this_work,UIPRMD-HS-C,Masht,1.0,1.0,1.0,0.1026006522913956,1.0,63.061534356325865,0.1119762361049652,0.0422314517199993,53.34128404036164,9.565511461347342
this_work,UIPRMD-IL-C,Masht,0.9444444444444444,0.9444444444444444,0.9382716049382716,0.4403629406772856,0.9442724458204332,52.48393065994605,0.0953997420147061,0.0464449436403811,44.9551653880626,7.386218168772757
this_work,UIPRMD-SASLR-C,Masht,0.9,0.9,1.0,0.2249242751997279,0.898989898989899,58.90636264625937,0.1007385784760117,0.0490131238475441,51.0491750407964,7.706235671415925
this_work,UIPRMD-SL-C,Masht,0.8888888888888888,0.8888888888888888,1.0,0.2467474070618146,0.8875,57.44189312309027,0.1630964027717709,0.0649941014125943,49.62021846231073,7.592646529898047
this_work,UIPRMD-SSA-C,Masht,1.0,1.0,1.0,0.0177880954226971,1.0,57.65863304957748,0.1708172252401709,0.0570466145873069,49.76471717841923,7.665007764473557
this_work,UIPRMD-SSE-C,Masht,1.0,1.0,1.0,0.1634761145527873,1.0,58.417331454344094,0.741531603038311,0.049637509509921,50.10841212514788,7.516833235509694
this_work,UIPRMD-SSIER-C,Masht,0.75,0.75,1.0,0.3895031149718739,0.7333333333333333,52.863313287030905,0.0955437659285962,0.0615588310174644,45.33478718204424,7.370561329182237
this_work,UIPRMD-SSS-C,Masht,0.9444444444444444,0.9444444444444444,1.0,0.0860450760933582,0.9442724458204332,53.033911923877895,0.0952609479427337,0.0487542329356074,45.76812383905053,7.1210323525592685
this_work,UIPRMD-STS-C,Masht,1.0,1.0,1.0,0.0616819091277583,1.0,57.697350487113,0.1595691787078976,0.0861240783706307,49.78392660897225,7.666387644596398
this_work,UWaveGestureLibrary,Masht,0.93125,0.93125,0.9969754464285714,0.2471361939409876,0.9303315005964884,59.9622949892655,2.477874452248216,0.1307448055595159,47.20620558876544,10.144107593223453
